annee_publication,code_departement,nom_departement,code_region,nom_region,nombre_d_habitants,densite_de_population_au_km2,variation_de_la_population_sur_10_ans_en,dont_contribution_du_solde_naturel_en,dont_contribution_du_solde_migratoire_en,population_de_moins_de_20_ans,population_de_60_ans_et_plus,taux_de_chomage_au_t4_en,taux_de_pauvrete_en,nombre_de_logements,nombre_de_residences_principales,taux_de_logements_sociaux_en,taux_de_logements_vacants_en,taux_de_logements_individuels_en,moyenne_annuelle_de_la_construction_neuve_sur_10_ans,construction,parc_social_nombre_de_logements,parc_social_logements_mis_en_location,parc_social_logements_demolis,parc_social_ventes_a_des_personnes_physiques,parc_social_taux_de_logements_vacants_en,parc_social_taux_de_logements_individuels_en,parc_social_loyer_moyen_en_eur_m2_mois,parc_social_age_moyen_du_parc_en_annees,parc_social_taux_de_logements_energivores_e_f_g_en
2018,42,Loire,84,AUVERGNE-RHONE-ALPES,761765,159,3.0,3.0,0.0,25,28,9.0,15.0,391581,335533,18.0,10.0,51.0,3587,2957,59595,626,221,,6.0,8.0,5.0,43,22
2018,60,Oise,32,HAUTS-DE-FRANCE,827465,141,4.0,6.0,-2.0,27,22,9.0,13.0,365879,331292,20.0,7.0,67.0,3633,2692,65116,1071,0,,2.0,17.0,5.5,39,32
2018,64,Pyrénées-Atlantiques,75,NOUVELLE-AQUITAINE,675182,88,5.0,0.0,5.0,22,30,7.0,12.0,394629,308757,11.0,8.0,52.0,5894,6087,33877,1150,2,,2.0,8.0,5.6,33,4
2019,51,Marne,44,GRAND EST,568668,69,0.0,3.0,-2.0,24,25,8.0,14.0,292095,258941,28.0,8.0,55.0,2814,2872,72750,501,26,,4.0,17.0,5.3,40,34
2019,59,Nord,32,HAUTS-DE-FRANCE,2597774,452,1.0,5.0,-3.0,26,22,11.0,19.0,1205062,1096766,24.0,7.0,66.0,12273,13785,268042,3398,314,,1.0,35.0,5.6,40,26
2019,67,Bas-Rhin,44,GRAND EST,1125345,236,3.0,3.0,0.0,23,24,7.0,13.0,546387,487736,13.0,7.0,46.0,7451,8698,66248,1079,75,,3.0,4.0,5.8,44,29
2020,7,Ardèche,84,AUVERGNE-RHONE-ALPES,326485,59,4.1,-1.0,5.1,21,32,8.9,14.3,203015,146535,9.3,9.7,74.6,1992,1928,13600,331,0,43,5.1,20.3,5.2,35,32
2020,29,Finistère,53,BRETAGNE,907331,135,1.5,-1.1,2.6,22,30,7.0,10.6,542677,425945,11.1,7.8,73.2,4999,5512,47410,771,152,293,2.5,25.1,5.3,33,13
2020,30,Gard,76,OCCITANIE,747151,128,6.4,1.7,4.8,23,29,11.4,19.3,423840,333199,12.4,8.4,62.6,4521,4687,41280,723,162,61,5.2,12.4,5.4,38,6
2020,45,Loiret,24,CENTRE-VAL DE LOIRE,681361,101,4.3,3.7,0.5,25,26,7.9,13.4,344708,296752,17.1,9.1,68.0,3523,3194,50770,450,181,96,3.1,25.1,5.7,35,20
2020,86,Vienne,75,NOUVELLE-AQUITAINE,437355,63,2.6,1.1,1.6,23,28,6.5,14.0,240200,202864,12.6,9.8,73.9,1954,1779,25595,102,4,70,4.4,30.2,5.3,38,21
2020,87,Haute-Vienne,75,NOUVELLE-AQUITAINE,372040,67,-0.7,-1.0,0.3,21,31,7.3,15.1,219980,181373,14.2,9.8,66.2,1396,1377,25810,75,31,29,4.9,12.7,5.0,44,16
2018,35,Ille-et-Vilaine,53,BRETAGNE,1063811,157,11.0,5.0,6.0,26,23,7.0,11.0,530547,458204,15.0,7.0,60.0,8812,10859,67391,1915,37,,3.0,16.0,5.5,32,14
2018,94,Val-de-Marne,11,ILE-DE-FRANCE,1391558,5680,7.0,10.0,-3.0,26,20,8.0,17.0,619016,575595,29.0,6.0,22.0,7624,10040,168534,3025,540,,2.0,1.0,6.8,42,18
2019,29,Finistère,53,BRETAGNE,906687,134,1.0,0.0,2.0,22,29,7.0,10.0,537671,423019,11.0,7.0,73.0,5147,6049,46824,606,22,,2.0,24.0,5.3,33,14
2019,39,Jura,27,BOURGOGNE-FRANCHE-COMTE,259476,51,0.0,0.0,0.0,22,29,6.0,11.0,148337,118600,11.0,9.0,64.0,1012,916,14216,70,39,,4.0,13.0,4.7,41,34
2020,2A,Corse-du-Sud,94,CORSE,160760,40,13.7,-0.4,14.1,19,30,7.6,16.5,118848,68743,9.2,2.6,51.9,2460,2836,6321,53,0,2,3.4,8.3,6.0,30,18
2020,31,Haute-Garonne,76,OCCITANIE,1388447,220,12.8,5.8,7.0,24,21,7.7,12.9,715532,631799,14.1,7.3,49.6,15142,16725,89205,3061,90,340,1.6,15.4,6.2,26,14
2020,36,Indre,24,CENTRE-VAL DE LOIRE,218810,32,-5.8,-4.4,-1.4,20,35,7.8,14.5,138634,105772,16.5,13.3,83.0,563,288,17505,69,276,76,3.8,35.9,5.2,36,27
2020,41,Loir-et-Cher,24,CENTRE-VAL DE LOIRE,329276,52,0.4,-0.6,1.0,22,31,6.7,12.7,183643,149623,14.3,10.6,80.2,1256,915,21467,215,0,36,8.1,30.3,4.8,36,23
2020,78,Yvelines,11,ILE-DE-FRANCE,1445318,633,2.7,7.6,-4.9,26,22,6.2,9.4,637200,580983,21.4,6.3,42.3,8072,9403,124260,2860,396,160,2.4,5.1,6.6,38,29
2018,3,Allier,84,AUVERGNE-RHONE-ALPES,339927,46,-1.0,-3.0,2.0,21,34,9.0,16.0,206333,162576,12.0,14.0,72.0,1230,813,19511,73,176,,7.0,27.0,5.0,38,32
2018,12,Aveyron,76,OCCITANIE,280517,32,2.0,-3.0,5.0,21,34,7.0,14.0,178832,128205,6.0,11.0,74.0,1515,1421,8309,105,58,,4.0,16.0,4.6,42,24
2018,27,Eure,28,NORMANDIE,607738,101,6.0,4.0,2.0,26,25,9.0,13.0,290300,249430,17.0,8.0,77.0,3080,2405,42149,859,39,,4.0,29.0,5.5,34,22
2018,31,Haute-Garonne,76,OCCITANIE,1371044,217,14.0,6.0,8.0,24,21,8.0,13.0,691485,612666,14.0,7.0,50.0,14382,19269,83195,3804,177,,3.0,16.0,6.6,27,16
2018,33,Gironde,75,NOUVELLE-AQUITAINE,1590570,148,13.0,3.0,10.0,24,24,9.0,13.0,828907,704479,14.0,6.0,63.0,15751,16815,95680,2647,266,,1.0,23.0,5.9,29,6
2018,87,Haute-Vienne,75,NOUVELLE-AQUITAINE,374759,68,1.0,-1.0,2.0,22,31,8.0,16.0,218323,180191,14.0,10.0,66.0,1592,1811,25779,81,5,,8.0,10.0,5.0,44,18
2018,89,Yonne,27,BOURGOGNE-FRANCHE-COMTE,339413,46,-1.0,-1.0,0.0,23,30,8.0,15.0,194524,151548,14.0,11.0,78.0,1261,653,20817,292,0,,3.0,20.0,5.2,39,31
2019,25,Doubs,27,BOURGOGNE-FRANCHE-COMTE,539606,103,3.0,4.0,-1.0,24,25,7.0,12.0,277578,241724,15.0,8.0,51.0,2977,2958,37399,356,328,,2.0,8.0,5.5,40,29
2019,28,Eure-et-Loir,24,CENTRE-VAL DE LOIRE,432566,73,2.0,3.0,-1.0,25,26,8.0,12.0,213849,183401,17.0,8.0,73.0,1850,1952,31963,295,375,,3.0,22.0,5.0,39,27
2019,33,Gironde,75,NOUVELLE-AQUITAINE,1602891,149,12.0,3.0,9.0,23,24,8.0,12.0,843050,715817,13.0,6.0,62.0,15754,18702,100212,2968,116,,1.0,18.0,5.9,29,6
2019,90,Territoire de Belfort,27,BOURGOGNE-FRANCHE-COMTE,143494,235,1.0,3.0,-2.0,24,25,9.0,15.0,71929,64712,22.0,8.0,47.0,517,459,14517,26,0,,2.0,8.0,5.1,42,27
2020,56,Morbihan,53,BRETAGNE,754221,111,5.3,-0.6,5.9,22,31,7.0,11.2,464186,346231,10.8,7.4,73.6,5342,5926,37301,525,142,100,2.9,20.8,5.3,30,18
2020,63,Puy-de-Dôme,84,AUVERGNE-RHONE-ALPES,658243,83,4.6,0.9,3.7,22,28,7.0,12.7,386425,306690,13.9,10.4,63.3,3579,4270,42579,1544,6,106,3.0,15.1,5.3,37,17
2020,90,Territoire de Belfort,27,BOURGOGNE-FRANCHE-COMTE,141085,232,-1.0,3.0,-3.9,23,26,8.8,14.2,72211,64473,22.5,9.3,47.2,515,688,14505,37,43,10,3.7,8.3,4.9,43,26
2020,974,La réunion,4,LA REUNION,857961,343,5.1,11.7,-6.6,30,18,21.0,38.3,369895,328195,23.1,8.7,66.4,7527,7013,75654,2115,0,101,1.8,14.0,6.1,19,0
2018,17,Charente-Maritime,75,NOUVELLE-AQUITAINE,645835,94,7.0,-2.0,9.0,21,34,9.0,14.0,423740,300342,9.0,7.0,77.0,5716,5531,26596,803,0,,2.0,25.0,5.4,34,10
2018,972,Martinique,2,MARTINIQUE,374780,332,-6.0,4.0,-9.0,24,27,18.0,31.0,210145,166667,19.0,16.0,64.0,3121,2296,31803,989,0,,2.0,0.0,5.5,25,
2018,5,Hautes-Alpes,93,PROVENCE ALPES COTE D'AZUR,141384,25,7.0,1.0,6.0,22,30,8.0,14.0,133804,64958,12.0,6.0,43.0,1306,1450,7862,52,0,,3.0,13.0,5.2,36,55
2019,13,Bouches-du-Rhône,93,PROVENCE ALPES COTE D'AZUR,2030464,399,3.0,4.0,-1.0,23,26,10.0,18.0,1009576,890131,17.0,7.0,37.0,12687,14606,156594,3312,587,,2.0,6.0,5.8,39,8
2019,16,Charente,75,NOUVELLE-AQUITAINE,351505,59,0.0,-1.0,1.0,20,32,8.0,14.0,196145,163164,9.0,10.0,82.0,1535,1356,15829,120,6,,3.0,20.0,5.1,39,13
2018,24,Dordogne,75,NOUVELLE-AQUITAINE,413684,46,2.0,-4.0,6.0,20,36,9.0,17.0,254994,193213,7.0,10.0,84.0,2436,1672,13939,105,27,,4.0,41.0,5.1,35,13
2018,29,Finistère,53,BRETAGNE,909769,135,3.0,0.0,3.0,23,29,8.0,11.0,533651,420602,11.0,8.0,73.0,5492,5077,46329,643,77,,2.0,25.0,5.3,33,15
2018,47,Lot-et-Garonne,75,NOUVELLE-AQUITAINE,333532,62,3.0,-1.0,4.0,22,33,9.0,17.0,182901,151342,7.0,11.0,80.0,1608,1014,10092,89,0,,3.0,32.0,5.1,35,13
2020,1,Ain,84,AUVERGNE-RHONE-ALPES,652437,113,10.8,4.3,6.5,25,23,5.9,10.5,313061,270417,16.9,8.1,63.7,5466,5357,45733,1270,84,124,3.0,17.1,5.5,31,36
2018,78,Yvelines,11,ILE-DE-FRANCE,1434980,628,2.0,8.0,-6.0,27,22,7.0,10.0,621026,569106,21.0,6.0,43.0,7207,9756,117709,2266,177,,3.0,5.0,6.6,40,34
2018,82,Tarn-et-Garonne,76,OCCITANIE,260288,70,12.0,2.0,10.0,25,28,10.0,17.0,128761,108705,8.0,10.0,79.0,1532,1182,8243,131,36,,5.0,38.0,5.4,30,22
2019,1,Ain,84,AUVERGNE-RHONE-ALPES,648744,112,11.0,4.0,7.0,25,23,6.0,10.0,308491,266866,16.0,7.0,63.0,5413,5662,44661,1372,20,,2.0,16.0,5.6,31,40
2019,2,Aisne,32,HAUTS-DE-FRANCE,531100,72,-1.0,1.0,-3.0,25,26,12.0,19.0,264180,229928,17.0,9.0,75.0,1549,1193,40974,316,0,,4.0,24.0,5.3,38,37
2020,69,Rhône,84,AUVERGNE-RHONE-ALPES,1865534,574,9.2,8.0,1.2,25,22,7.2,13.8,914980,818114,21.2,7.5,28.7,13582,10684,173682,3418,211,571,1.9,3.4,6.0,40,19
2019,54,Meurthe-et-Moselle,44,GRAND EST,732902,139,0.0,2.0,-2.0,23,25,8.0,14.0,373165,331523,16.0,9.0,53.0,2884,3082,53159,230,113,,2.0,11.0,5.5,40,27
2020,85,Vendée,52,PAYS DE LA LOIRE,680621,101,8.7,0.7,7.9,22,31,6.3,9.3,421680,297468,7.8,5.3,83.6,5199,6084,23235,442,97,24,2.7,48.3,5.0,30,14
2020,10,Aube,44,GRAND EST,310063,52,2.2,1.4,0.9,24,28,10.1,16.3,164453,141267,22.5,9.5,65.8,1494,1248,31749,400,407,120,3.6,23.5,5.4,40,26
2020,11,Aude,76,OCCITANIE,371822,61,5.0,-1.6,6.6,21,33,10.8,20.8,261180,171947,10.3,8.8,71.5,2392,2014,17648,354,1,26,2.7,29.2,5.3,38,10
2020,13,Bouches-du-Rhône,93,PROVENCE ALPES COTE D'AZUR,2031409,399,3.3,4.5,-1.2,23,26,9.6,18.2,1021226,898432,17.6,7.5,37.7,13736,12468,158243,2517,472,323,2.7,6.1,5.7,39,8
2020,32,Gers,76,OCCITANIE,190354,30,1.7,-4.0,5.7,20,35,6.1,14.8,110358,88060,6.5,10.7,81.6,944,780,5696,121,0,18,4.0,39.8,4.8,33,10
2020,37,Indre-et-Loire,24,CENTRE-VAL DE LOIRE,605840,99,3.0,2.0,0.9,23,28,7.4,12.8,321881,279367,17.9,8.6,63.0,3618,3412,50012,531,0,112,2.6,19.7,5.3,38,14
2020,60,Oise,32,HAUTS-DE-FRANCE,824981,141,2.9,5.2,-2.3,26,23,8.0,12.9,372778,336832,19.9,7.2,66.9,3457,2935,66962,812,150,179,1.6,15.7,5.5,38,29
2020,70,Haute-Saône,27,BOURGOGNE-FRANCHE-COMTE,234401,44,-2.0,0.3,-2.3,22,30,7.4,13.4,127615,106074,10.6,10.7,76.5,796,677,11192,109,41,6,5.2,24.7,4.6,40,12
2021,28,Eure-et-Loir,24,CENTRE-VAL DE LOIRE,429641,73,0.165060744,2.830745128,-2.665684384,24,27,7.2,12.0,216684,185040,17.46108927,8.628327167,73.80952155,1823,2006,32310,337,246,98,4.02162023,22.69575983,5.130830251,39,24
2021,37,Indre-et-Loire,24,CENTRE-VAL DE LOIRE,608781,99,3.093232179,1.759989162,1.333243017,23,28,6.9,13.0,325171,281840,17.98995741,8.644028521,62.94730723,3623,3325,50703,786,16,137,2.838913482,18.49003018,5.333570768,39,13
2021,2A,Corse-du-Sud,94,CORSE,161208,40,12.26183844,-0.520891365,12.78272981,20,31,6.6,16.1,120566,69342,9.019029412,2.746733078,52.05305036,2482,2288,6254,56,0,5,2.132622459,8.298688839,6.045168542,31,19
2021,2B,Haute-Corse,94,CORSE,184659,39,12.32022522,-0.341749218,12.66197443,20,29,7.3,20.6,132077,80642,10.70406931,3.390629429,50.93180072,2298,2302,8632,186,9,5,1.918949628,10.9360519,5.534405391,34,14
2021,8,Ardennes,44,GRAND EST,267496,51,-5.561871139,0.082612533,-5.644483672,22,29,9.5,18.9,143015,121658,19.94017069,11.43152571,71.18447478,718,670,24259,296,0,24,4.965438796,23.74788738,4.993524248,40,18
2021,51,Marne,44,GRAND EST,563834,69,-0.260566383,2.732143773,-2.992710156,24,26,7.6,14.4,295610,260554,28.33920774,8.993290325,55.40751405,2922,3574,73839,704,198,339,4.784483376,17.76703368,5.36234076,39,31
2021,54,Meurthe-et-Moselle,44,GRAND EST,731533,139,-0.092050472,1.893590201,-1.985640673,23,26,7.5,15.4,378055,335359,15.84957576,9.30029085,53.38350119,2855,3102,53153,574,216,437,3.149508019,11.14706602,5.546461942,41,22
2021,67,Bas-Rhin,44,GRAND EST,1143364,240,4.330576099,3.426300637,0.904275462,22,25,6.9,13.7,561561,499905,13.73819896,7.832343736,46.00877889,7738,7084,68678,1381,148,61,3.120469978,4.165817292,5.916097449,43,22
2021,88,Vosges,44,GRAND EST,361749,61,-4.73370132,-1.624601026,-3.109100294,21,32,8.2,15.4,214363,169386,14.34885528,11.27300831,64.96404054,1176,1008,24305,51,86,56,4.246546227,14.49084551,4.745013804,43,30
2021,80,Somme,32,HAUTS-DE-FRANCE,568750,92,-0.348844747,1.321965655,-1.670810403,24,26,9.1,16.4,301740,251457,16.65805884,8.400241967,73.33606924,2769,2890,41888,491,22,61,3.14484427,25.85227273,5.577486537,38,31
2021,76,Seine-Maritime,28,NORMANDIE,1252833,199,0.193696313,2.751335361,-2.557639048,24,26,8.8,14.9,645785,568220,25.9709166,8.086226853,55.90613335,6958,6339,147572,885,549,631,2.357546632,13.75328653,5.467538312,40,19
2021,72,Sarthe,52,PAYS DE LA LOIRE,563536,90,0.003194219,1.505187057,-1.501992838,24,29,7.7,13.1,292627,251958,15.57162801,9.216281317,75.18904259,1961,1629,39234,230,0,64,1.970654386,23.92057909,5.115044524,38,21
2021,85,Vendée,52,PAYS DE LA LOIRE,687477,102,8.301957535,0.184158871,8.117798663,22,32,6.2,9.2,426425,301490,7.948500968,5.121445899,83.56601305,5345,6544,23964,519,25,15,3.1592411,47.63395093,5.105177039,30,13
2021,83,Var,93,PROVENCE ALPES COTE D'AZUR,1079043,180,7.0284859,-0.425121233,7.453607133,20,33,8.2,15.6,722127,494739,10.52190098,6.135267659,46.58054705,8969,9472,52056,1929,2,82,3.303411852,6.160673121,5.719033757,32,6
2021,48,Lozère,76,OCCITANIE,76573,14,-0.660335746,-4.0489349,3.388599154,20,33,4.7,14.5,61340,35191,8.220829836,10.43772571,78.14563856,396,361,2893,25,0,4,7.396768402,16.2461113,5.157231782,37,39
2021,972,Martinique,2,MARTINIQUE,359821,318,-8.714955109,2.561819303,-11.27677441,21,30,14.9,29.8,213707,167251,20.31135561,15.43069426,62.22532312,2869,2637,33971,652,0,35,3.922047028,0.347355097,5.591964928,25,
2022,3,Allier,84,AUVERGNE-RHONE-ALPES,333042,45,-2.83,-4.66,1.83,20,36,8.3,15.3,208863,162717,12.0,15.0,72.0,870,1065,20200,49,187,13,6.08,26.15,5.22,40,20
2022,6,Alpes-Maritimes,93,PROVENCE ALPES COTE D'AZUR,1101039,253,1.83,0.06,1.77,21,31,8.6,16.2,778291,516674,11.0,8.0,24.0,6923,6136,58685,1437,14,77,1.64,2.23,6.72,33,5
2022,13,Bouches-du-Rhône,93,PROVENCE ALPES COTE D'AZUR,2056455,402,4.08,4.24,-0.17,24,27,9.1,17.9,1044973,916900,18.0,8.0,37.0,12816,11574,162109,2007,338,401,2.25,6.03,5.93,40,5
2022,18,Cher,24,CENTRE-VAL DE LOIRE,298669,41,-4.18,-3.2,-0.98,21,34,7.8,14.0,179430,142513,15.0,13.0,79.0,893,1546,20905,15,2,72,4.67,32.22,5.22,39,29
2022,34,Hérault,76,OCCITANIE,1203899,194,13.36,2.38,10.98,23,28,10.9,18.7,739737,551782,12.0,7.0,48.0,11640,11938,67668,2027,0,74,1.2,11.9,5.92,27,5
2022,36,Indre,24,CENTRE-VAL DE LOIRE,216392,32,-5.99,-5.64,-0.35,20,36,7.4,14.6,138826,105404,17.0,13.0,83.0,462,628,17539,60,0,58,4.04,35.78,5.3,38,26
2022,38,Isère,84,AUVERGNE-RHONE-ALPES,1280557,171,5.38,4.91,0.47,25,25,6.5,11.3,659031,553122,17.0,8.0,49.0,8955,10993,91920,1987,27,224,2.77,10.26,6.03,36,21
2022,39,Jura,27,BOURGOGNE-FRANCHE-COMTE,257906,52,-1.3,-1.16,-0.13,22,31,5.3,11.2,150475,119974,12.0,10.0,65.0,932,1192,14160,22,1,16,4.88,13.69,4.82,46,26
2022,41,Loir-et-Cher,24,CENTRE-VAL DE LOIRE,326778,52,-1.36,-1.63,0.27,22,33,6.3,12.5,185077,150114,14.0,11.0,80.0,1156,1594,21496,87,84,37,5.66,30.82,4.96,38,21
2022,42,Loire,84,AUVERGNE-RHONE-ALPES,766473,160,2.33,1.55,0.77,24,29,7.6,15.0,401112,343335,17.0,10.0,51.0,3253,4501,59993,391,192,193,5.63,7.69,5.19,44,19
2018,21,Côte-d'Or,27,BOURGOGNE-FRANCHE-COMTE,535780,61,3.0,2.0,1.0,23,27,7.0,12.0,282602,244280,14.0,8.0,55.0,2747,2788,35406,566,14,,3.0,8.0,5.6,36,21
2022,51,Marne,44,GRAND EST,563998,69,-0.45,2.43,-2.88,24,26,7.4,14.2,297288,261398,28.0,9.0,55.0,2859,2834,73671,482,224,347,3.73,17.72,5.42,40,19
2018,56,Morbihan,53,BRETAGNE,750828,110,7.0,0.0,7.0,23,30,8.0,11.0,454930,339265,11.0,8.0,74.0,5802,5184,36184,735,75,,3.0,21.0,5.3,30,19
2022,53,Mayenne,52,PAYS DE LA LOIRE,306224,59,-0.26,1.02,-1.29,24,29,5.2,11.0,158083,135257,12.0,9.0,81.0,1270,1996,15933,111,0,91,3.85,31.43,5.0,38,19
2019,6,Alpes-Maritimes,93,PROVENCE ALPES COTE D'AZUR,1082139,251,0.0,0.0,0.0,21,30,9.0,15.0,761857,508855,10.0,8.0,23.0,6838,9608,53932,1188,0,,1.0,2.0,6.6,33,8
2022,64,Pyrénées-Atlantiques,75,NOUVELLE-AQUITAINE,688474,90,4.85,-1.52,6.37,21,32,6.4,12.2,413357,323663,12.0,8.0,51.0,5211,5505,37485,709,8,33,1.82,8.02,5.79,33,2
2019,10,Aube,44,GRAND EST,309183,51,2.0,1.0,0.0,24,27,11.0,15.0,163064,140126,22.0,9.0,66.0,1529,1184,32040,490,1,,2.0,23.0,5.4,40,26
2022,68,Haut-Rhin,44,GRAND EST,767736,217,1.95,2.17,-0.22,23,27,7.8,13.2,382805,335574,15.0,9.0,52.0,3976,5416,50172,328,223,120,3.15,6.69,5.67,46,23
2019,36,Indre,24,CENTRE-VAL DE LOIRE,219449,32,-5.0,-4.0,-1.0,20,35,8.0,14.0,138229,105665,16.0,13.0,82.0,614,440,17848,90,129,,3.0,35.0,5.2,35,27
2022,71,Saône-et-Loire,27,BOURGOGNE-FRANCHE-COMTE,547937,64,-1.45,-2.59,1.14,21,34,6.6,12.8,311966,256502,17.0,10.0,70.0,1827,2195,42839,98,187,116,8.76,19.73,5.36,46,20
2019,37,Indre-et-Loire,24,CENTRE-VAL DE LOIRE,607882,99,3.0,2.0,1.0,23,27,8.0,12.0,318933,277306,17.0,8.0,63.0,3679,4012,49623,682,0,,2.0,19.0,5.3,38,15
2022,79,Deux-Sèvres,75,NOUVELLE-AQUITAINE,374763,62,1.03,-1.23,2.26,23,31,5.6,11.9,195568,168390,9.0,9.0,86.0,1212,1494,15556,90,102,98,2.65,49.76,5.12,35,26
2019,81,Tarn,76,OCCITANIE,387626,67,4.0,0.0,4.0,22,31,9.0,15.0,209380,174530,8.0,9.0,79.0,1902,1851,15450,155,47,,5.0,17.0,4.9,43,29
2022,80,Somme,32,HAUTS-DE-FRANCE,567745,92,-0.61,0.74,-1.35,24,27,9.1,15.7,303449,252610,17.0,8.0,73.0,2595,2456,42266,476,36,53,2.57,25.64,5.65,39,25
2019,973,Guyane,3,GUYANE,287504,3,31.0,26.0,4.0,41,8,19.0,,88454,77802,21.0,9.0,61.0,1874,902,17497,721,0,,7.0,20.0,6.2,31,
2022,82,Tarn-et-Garonne,76,OCCITANIE,262863,70,7.49,0.52,6.97,24,29,9.1,16.3,133522,112575,8.0,10.0,79.0,1322,1865,8822,140,0,11,2.61,38.64,5.51,31,15
2020,5,Hautes-Alpes,93,PROVENCE ALPES COTE D'AZUR,141651,26,4.3,0.2,4.0,21,31,7.6,13.9,135493,65715,12.0,6.2,43.5,1136,929,7902,54,0,14,3.4,13.2,5.2,38,56
2022,83,Var,93,PROVENCE ALPES COTE D'AZUR,1090123,181,7.64,-1.04,8.68,21,34,8.2,15.3,729223,501337,11.0,6.0,47.0,8647,8011,53552,1247,0,29,3.34,6.25,5.83,32,2
2020,25,Doubs,27,BOURGOGNE-FRANCHE-COMTE,539508,103,2.7,4.3,-1.6,24,25,7.5,11.9,279578,243469,15.2,8.5,51.2,2956,3042,37062,184,595,97,2.7,8.0,5.4,41,27
2022,86,Vienne,75,NOUVELLE-AQUITAINE,439635,63,2.61,0.27,2.34,23,29,6.3,14.0,242907,205392,13.0,10.0,74.0,1891,2474,25828,162,3,63,3.8,30.28,5.38,39,18
2020,34,Hérault,76,OCCITANIE,1166070,191,13.0,2.8,10.2,23,27,11.5,19.1,718743,533184,11.9,7.4,48.5,11530,12225,63540,2393,51,43,1.5,12.4,5.8,27,6
2022,91,Essonne,11,ILE-DE-FRANCE,1310435,726,6.96,9.5,-2.55,27,21,6.9,13.2,570417,523349,24.0,7.0,46.0,8965,8236,127420,2635,0,154,2.83,4.66,6.59,36,12
2020,38,Isère,84,AUVERGNE-RHONE-ALPES,1263351,170,5.5,5.5,0.1,25,24,6.6,11.2,646707,543261,16.5,7.6,49.2,8684,9558,89565,1395,72,190,2.9,10.6,5.8,35,28
2022,971,Guadeloupe,1,GUADELOUPE,377856,233,-6.62,3.9,-10.52,24,28,17.2,,231840,173432,,15.0,75.0,3146,2203,,90174,,,,,,,
2020,42,Loire,84,AUVERGNE-RHONE-ALPES,764233,160,2.4,2.2,0.2,24,28,8.0,14.7,396655,339403,17.7,10.3,51.0,3247,2965,59918,619,194,172,6.7,7.6,5.0,43,20
2022,973,Guyane,3,GUYANE,290528,3,22.3,29.57,-7.27,41,10,14.5,,94768,82045,,11.0,60.0,1849,1998,,119053,,,,,,,
2020,59,Nord,32,HAUTS-DE-FRANCE,2594456,452,0.9,5.0,-4.1,26,22,10.5,18.8,1214497,1102629,24.4,7.7,66.2,12901,14791,269382,2996,711,694,1.3,35.8,5.6,40,25
2022,974,La Réunion,4,LA REUNION,866181,342,4.54,12.0,-7.47,29,19,18.0,35.6,383878,338066,,9.0,66.0,7258,7962,,255425,,,,,,,
2020,89,Yonne,27,BOURGOGNE-FRANCHE-COMTE,334302,45,-2.6,-1.2,-1.4,22,31,7.5,14.4,196697,152596,13.6,11.5,78.0,978,479,20752,215,60,51,4.3,20.1,5.0,39,29
2018,9,Ariège,76,OCCITANIE,152482,31,3.0,-2.0,5.0,21,33,11.0,19.0,107815,70830,5.0,10.0,80.0,779,514,3598,22,8,,4.0,19.0,4.9,35,0
2018,39,Jura,27,BOURGOGNE-FRANCHE-COMTE,259868,52,0.0,1.0,0.0,23,29,6.0,12.0,147299,117887,12.0,10.0,65.0,1098,850,14200,106,0,,5.0,14.0,4.6,40,34
2018,44,Loire-Atlantique,52,PAYS DE LA LOIRE,1397437,205,12.0,5.0,7.0,26,23,7.0,10.0,717684,601712,14.0,6.0,62.0,12681,15669,83709,2654,60,,3.0,17.0,5.7,33,5
2018,77,Seine-et-Marne,11,ILE-DE-FRANCE,1412088,239,10.0,8.0,1.0,28,19,7.0,12.0,597798,540668,19.0,7.0,58.0,8880,10896,100024,2156,191,,3.0,9.0,6.3,36,30
2018,84,Vaucluse,93,PROVENCE ALPES COTE D'AZUR,563386,158,5.0,4.0,1.0,24,28,12.0,20.0,295359,244033,13.0,10.0,64.0,3562,3778,32900,401,2,,3.0,15.0,5.6,39,28
2019,41,Loir-et-Cher,24,CENTRE-VAL DE LOIRE,331627,52,1.0,0.0,1.0,22,31,7.0,12.0,182821,149351,14.0,10.0,80.0,1348,1198,21292,172,24,,7.0,30.0,4.8,36,24
2019,49,Maine-et-Loire,52,PAYS DE LA LOIRE,814260,113,5.0,4.0,0.0,25,25,7.0,11.0,391283,351669,18.0,7.0,70.0,4208,4402,65330,989,197,,2.0,32.0,5.3,34,19
2019,60,Oise,32,HAUTS-DE-FRANCE,825198,140,3.0,5.0,-2.0,26,22,8.0,13.0,369320,333943,19.0,7.0,67.0,3490,3021,66189,850,52,,1.0,16.0,5.5,38,30
2019,71,Saône-et-Loire,27,BOURGOGNE-FRANCHE-COMTE,551663,64,0.0,-1.0,0.0,21,32,7.0,13.0,309191,254694,16.0,10.0,69.0,2087,2000,43091,298,299,,6.0,19.0,5.2,45,21
2019,76,Seine-Maritime,28,NORMANDIE,1251613,199,0.0,3.0,-2.0,24,25,9.0,14.0,634421,559516,25.0,8.0,56.0,6928,6670,142099,1619,587,,3.0,15.0,5.4,40,28
2019,88,Vosges,44,GRAND EST,363989,61,-4.0,0.0,-3.0,21,31,9.0,16.0,212925,168523,14.0,11.0,64.0,1361,883,24359,36,172,,4.0,14.0,4.6,42,36
2019,974,La Réunion,4,LA REUNION,862308,344,6.0,12.0,-5.0,31,16,24.0,40.0,363111,323526,21.0,8.0,66.0,7926,7344,73700,2969,21,,1.0,14.0,6.0,19,
2020,55,Meuse,44,GRAND EST,183633,30,-5.3,-0.2,-5.1,22,30,7.5,15.1,99736,83575,12.3,11.7,76.3,401,213,10292,2,57,31,6.9,24.9,5.0,42,62
2020,81,Tarn,76,OCCITANIE,387854,67,3.7,-1.1,4.8,22,32,8.5,15.2,211038,176070,8.7,9.1,79.1,1848,1718,15385,126,151,22,5.2,17.7,4.9,43,29
2018,58,Nièvre,27,BOURGOGNE-FRANCHE-COMTE,208049,31,-6.0,-5.0,-2.0,19,37,8.0,16.0,141427,101794,13.0,13.0,78.0,570,462,13677,91,92,,11.0,16.0,5.1,44,36
2018,93,Seine-Saint-Denis,11,ILE-DE-FRANCE,1628410,6900,8.0,13.0,-5.0,29,17,12.0,29.0,652707,609884,36.0,6.0,25.0,10207,16025,221083,2406,504,,2.0,2.0,6.6,42,22
2019,7,Ardèche,84,AUVERGNE-RHONE-ALPES,326632,59,4.0,0.0,5.0,22,31,9.0,14.0,201264,145356,9.0,9.0,74.0,2026,2451,13156,155,0,,5.0,19.0,5.1,36,34
2019,14,Calvados,28,NORMANDIE,692663,124,2.0,1.0,0.0,23,28,8.0,12.0,412038,309902,18.0,6.0,60.0,4792,5557,57446,780,108,,2.0,33.0,5.5,36,21
2019,95,Val-d'Oise,11,ILE-DE-FRANCE,1236913,992,6.0,10.0,-4.0,28,18,8.0,17.0,497749,463406,26.0,5.0,45.0,7342,11173,121564,2055,71,,2.0,6.0,6.5,39,19
2020,8,Ardennes,44,GRAND EST,268178,51,-5.3,0.4,-5.8,23,29,9.8,18.9,142452,121784,19.7,11.1,71.2,747,438,23966,291,201,25,4.7,23.8,5.0,40,18
2020,35,Ille-et-Vilaine,53,BRETAGNE,1074841,159,10.0,4.6,5.4,25,23,6.2,10.5,546440,471034,15.2,6.9,59.9,8839,9915,71718,1469,25,94,2.6,15.5,5.5,31,10
2020,51,Marne,44,GRAND EST,565322,69,-0.1,2.9,-3.1,24,25,7.5,14.4,294041,259819,28.3,8.9,55.4,2839,3315,73610,762,76,292,4.5,17.6,5.3,40,33
2020,52,Haute-Marne,44,GRAND EST,171401,28,-7.5,-1.5,-6.0,20,32,6.9,15.1,100650,81313,19.8,11.7,74.7,373,408,16066,107,111,54,7.7,18.7,4.9,44,24
2020,83,Var,93,PROVENCE ALPES COTE D'AZUR,1068920,179,6.1,-0.2,6.3,21,32,8.9,15.4,714503,487268,10.3,6.3,46.8,8813,9277,50195,1593,0,4,2.7,6.4,5.7,32,6
2020,84,Vaucluse,93,PROVENCE ALPES COTE D'AZUR,560767,157,3.8,3.1,0.7,23,28,10.5,19.5,301947,247451,14.1,10.0,64.1,3466,3912,34907,1043,22,72,2.8,16.1,5.6,38,17
2020,93,Seine-Saint-Denis,11,ILE-DE-FRANCE,1654892,7012,9.2,13.3,-4.2,29,16,10.4,27.9,671680,625820,36.4,5.8,24.0,12155,17620,227911,3086,222,131,2.2,1.7,6.6,41,20
2018,37,Indre-et-Loire,24,CENTRE-VAL DE LOIRE,609313,99,5.0,3.0,2.0,24,27,8.0,13.0,315335,275266,18.0,8.0,63.0,3811,4128,49009,987,0,,3.0,19.0,5.2,39,17
2018,61,Orne,28,NORMANDIE,283960,47,-3.0,-1.0,-2.0,22,32,8.0,16.0,164371,128952,17.0,11.0,79.0,907,451,21283,82,29,,9.0,31.0,4.8,41,39
2018,65,Hautes-Pyrénées,76,OCCITANIE,227870,51,0.0,-3.0,2.0,21,34,10.0,15.0,159330,106944,12.0,10.0,60.0,1488,1334,12523,191,22,,5.0,16.0,5.4,37,12
2019,8,Ardennes,44,GRAND EST,270234,51,-4.0,0.0,-5.0,23,28,10.0,19.0,142010,121963,19.0,10.0,71.0,808,520,23922,232,187,,4.0,23.0,4.9,40,20
2018,7,Ardèche,84,AUVERGNE-RHONE-ALPES,327201,59,6.0,0.0,6.0,22,31,10.0,15.0,198998,143963,9.0,9.0,74.0,2133,1718,13106,120,0,,6.0,20.0,5.0,36,35
2018,10,Aube,44,GRAND EST,310912,52,3.0,2.0,1.0,24,27,11.0,16.0,161715,139291,23.0,10.0,66.0,1592,1156,31618,788,112,,3.0,23.0,5.4,40,27
2018,26,Drôme,84,AUVERGNE-RHONE-ALPES,512518,78,8.0,3.0,5.0,24,27,10.0,16.0,265645,221614,12.0,9.0,64.0,3488,3033,27602,524,66,,3.0,16.0,5.3,34,12
2019,38,Isère,84,AUVERGNE-RHONE-ALPES,1259762,169,5.0,5.0,0.0,25,23,7.0,11.0,639743,537850,16.0,7.0,49.0,8480,10639,88094,1630,25,,3.0,10.0,5.9,34,29
2019,78,Yvelines,11,ILE-DE-FRANCE,1435258,628,2.0,7.0,-5.0,26,21,6.0,9.0,629383,575089,20.0,6.0,42.0,7635,10973,120309,2207,45,,2.0,5.0,6.6,39,30
2018,50,Manche,28,NORMANDIE,497880,84,1.0,-1.0,1.0,23,31,7.0,13.0,293265,225674,17.0,8.0,80.0,2513,1819,37659,368,31,,4.0,40.0,4.6,40,35
2018,66,Pyrénées-Orientales,76,OCCITANIE,478612,116,10.0,-1.0,10.0,22,32,14.0,21.0,343028,217345,10.0,8.0,56.0,4047,3783,22114,809,0,,4.0,22.0,5.3,30,2
2020,12,Aveyron,76,OCCITANIE,278703,32,0.6,-3.3,3.9,20,34,6.2,13.9,181053,129812,6.6,11.0,73.9,1367,1059,8576,125,23,6,4.1,16.6,4.6,42,21
2018,71,Saône-et-Loire,27,BOURGOGNE-FRANCHE-COMTE,554124,65,0.0,-1.0,1.0,22,32,8.0,13.0,307521,253576,17.0,10.0,69.0,2287,1669,43136,257,16,,7.0,19.0,5.2,45,21
2020,19,Corrèze,75,NOUVELLE-AQUITAINE,240870,41,-1.0,-4.3,3.3,20,35,6.6,12.9,154124,113903,8.6,10.9,78.2,980,909,9844,87,21,6,4.2,34.1,5.0,31,38
2019,3,Allier,84,AUVERGNE-RHONE-ALPES,335354,45,-2.0,-3.0,1.0,20,34,9.0,15.0,206980,162287,11.0,14.0,72.0,1080,815,19457,63,57,,5.0,26.0,5.0,38,28
2020,58,Nièvre,27,BOURGOGNE-FRANCHE-COMTE,202115,30,-8.2,-5.3,-3.0,19,37,6.9,15.5,141642,100961,13.3,13.8,77.9,471,369,13467,73,223,31,14.4,16.6,5.1,44,31
2019,31,Haute-Garonne,76,OCCITANIE,1376737,218,13.0,5.0,7.0,24,21,8.0,13.0,703754,622444,13.0,7.0,49.0,14598,19562,86758,3333,523,,2.0,15.0,6.6,26,15
2020,67,Bas-Rhin,44,GRAND EST,1130370,238,3.3,3.6,-0.3,23,25,6.8,13.0,554075,493333,13.7,7.9,46.3,7659,8378,67720,1324,171,119,2.6,4.4,5.8,43,23
2019,52,Haute-Marne,44,GRAND EST,174800,28,-6.0,-1.0,-5.0,21,31,7.0,15.0,100722,81731,19.0,11.0,74.0,403,304,16056,73,230,,6.0,18.0,4.9,44,24
2019,69,Rhône,84,AUVERGNE-RHONE-ALPES,1867275,574,10.0,8.0,2.0,25,21,7.0,13.0,904462,810134,20.0,7.0,28.0,13567,16685,169956,3579,288,,2.0,3.0,6.1,40,20
2019,84,Vaucluse,93,PROVENCE ALPES COTE D'AZUR,562326,157,4.0,3.0,0.0,23,28,11.0,20.0,298637,245731,13.0,9.0,64.0,3490,4071,33988,693,18,,2.0,15.0,5.6,39,20
2020,50,Manche,28,NORMANDIE,492733,83,-1.0,-1.2,0.1,21,32,6.0,12.1,297133,227731,16.6,8.5,79.9,2289,2150,37763,125,146,12,3.5,40.2,4.7,41,35
2020,53,Mayenne,52,PAYS DE LA LOIRE,306083,59,0.3,2.1,-1.8,24,28,5.4,11.4,156662,134164,11.9,9.1,80.6,1168,1276,16026,213,36,47,3.9,31.8,4.8,36,4
2020,57,Moselle,44,GRAND EST,1038692,167,-0.6,1.6,-2.2,22,26,7.8,14.9,514328,457123,17.1,9.1,55.1,5030,4926,78255,973,416,257,5.0,12.3,5.3,46,26
2020,65,Hautes-Pyrénées,76,OCCITANIE,227417,51,-1.0,-3.1,2.1,20,34,8.9,15.0,161703,108420,11.7,9.7,60.3,1197,852,12680,76,1,47,4.9,16.7,5.3,38,11
2021,73,Savoie,84,AUVERGNE-RHONE-ALPES,436834,72,5.271605147,2.679300847,2.5923043,22,27,6.6,10.0,349226,198138,17.54783813,6.032661523,37.75348266,4335,5228,34769,454,13,35,3.130992424,5.550921798,5.898270763,36,36
2021,58,Nièvre,27,BOURGOGNE-FRANCHE-COMTE,201755,29,-8.11944404,-5.496757505,-2.622686535,19,38,6.2,15.7,141622,100743,13.43812123,13.7740513,77.95512575,440,304,13538,37,100,23,11.45423919,16.39089969,5.138626249,44,32
2021,70,Haute-Saône,27,BOURGOGNE-FRANCHE-COMTE,234567,43,-2.079332743,-0.074306611,-2.005026133,22,30,6.8,13.2,128333,106579,10.57335365,10.78263432,76.40251235,789,712,11269,113,5,12,5.873847822,24.67832106,4.861439282,40,18
2021,71,Saône-et-Loire,27,BOURGOGNE-FRANCHE-COMTE,549364,64,-1.133600762,-1.736664129,0.603063368,21,33,6.7,13.1,311498,256157,16.6549607,10.30037571,69.57069029,1908,1695,42663,122,332,89,8.779186451,19.18524248,5.228800717,45,27
2021,90,Territoire de Belfort,27,BOURGOGNE-FRANCHE-COMTE,139866,229,-2.130696727,2.596721036,-4.727417764,23,27,8.6,14.5,72929,64708,22.03880082,9.789138878,46.89967562,516,501,14261,34,256,16,3.293300098,8.484678494,5.141722598,43,24
2021,22,Côtes-d'Armor,53,BRETAGNE,599271,87,1.289633409,-2.411259531,3.70089294,22,33,6.8,11.7,369601,277289,8.327387155,8.78638951,82.22552547,3317,3021,23091,448,80,18,2.444047783,41.51834048,5.048367101,31,13
2021,29,Finistère,53,BRETAGNE,913187,135,1.733346108,-1.318474914,3.051821022,22,30,6.6,10.6,545808,430088,11.14516072,7.539038159,73.21390784,4966,5318,47934,634,63,28,2.700523104,25.07823257,5.375687124,33,12
2021,56,Morbihan,53,BRETAGNE,760313,111,5.356561358,-0.980659787,6.337221145,22,32,6.6,11.2,468872,350465,10.73202307,7.276656108,73.64928265,5404,5605,37612,459,34,77,2.692718168,20.65564182,5.366977147,30,17
2021,52,Haute-Marne,44,GRAND EST,170339,27,-7.444074354,-1.822983172,-5.621091182,20,32,6.7,14.9,100617,81254,19.61250311,11.70041428,74.55567362,339,251,15936,49,72,34,9.471837848,18.7123494,4.956217407,45,23
2021,60,Oise,32,HAUTS-DE-FRANCE,829408,141,3.21219022,4.948885944,-1.736695724,26,23,8.0,12.9,376184,340146,19.83233953,7.11826893,66.82399745,3464,3223,67459,747,16,226,1.340033501,15.83332098,5.534074617,39,27
2021,77,Seine-et-Marne,11,ILE-DE-FRANCE,1426334,241,7.658818068,7.833703811,-0.174885743,27,20,7.3,11.8,619783,559614,19.17480712,6.774690619,57.29874892,10155,12351,107305,2691,297,324,2.972556399,8.182284143,6.314247333,35,23
2021,61,Orne,28,NORMANDIE,277400,45,-4.883384423,-1.968509337,-2.914875087,21,34,7.3,15.4,165463,129524,16.26568493,11.24865071,79.48537061,623,429,21068,73,0,24,6.938530134,31.74957281,4.666699037,42,38
2021,16,Charente,75,NOUVELLE-AQUITAINE,349878,58,-0.48325118,-2.115041655,1.631790475,20,33,7.5,15.0,198241,164551,9.763499372,10.59128783,82.76835462,1382,1179,16066,170,0,23,3.719087482,20.76434707,5.165217341,40,13
2021,19,Corrèze,75,NOUVELLE-AQUITAINE,239470,40,-1.675624407,-4.569063564,2.893439156,20,35,6.4,13.1,154656,114177,8.608516929,11.05178702,78.15488602,938,857,9829,69,21,29,3.650864974,34.22525181,4.858357202,32,38
2021,24,Dordogne,75,NOUVELLE-AQUITAINE,411528,45,-0.632864018,-4.925763433,4.292899415,18,37,7.9,16.3,260245,195895,7.277342005,10.3102484,84.29379884,1942,1992,14256,119,29,4,7.323124911,41.14758698,5.21488343,34,18
2021,79,Deux-Sèvres,75,NOUVELLE-AQUITAINE,374608,62,1.445554743,-0.470387521,1.915942264,22,30,5.6,12.3,195050,167961,9.326515479,9.127364362,85.79356316,1381,1069,15665,216,96,73,3.269666559,49.88828599,5.11497107,35,31
2021,87,Haute-Vienne,75,NOUVELLE-AQUITAINE,371228,67,-1.319276644,-1.219859061,-0.099417583,21,32,7.2,15.5,220762,182193,14.37094725,9.679450134,66.24154612,1382,1350,26183,313,38,24,4.511217949,11.33941871,5.077964836,44,14
2021,44,Loire-Atlantique,52,PAYS DE LA LOIRE,1442940,211,12.54925697,4.426965521,8.122291452,25,24,6.7,10.3,752968,631802,14.42412436,5.576468425,61.08199283,13413,13632,91132,2546,110,382,2.168072114,14.34512575,5.807774037,31,3
2021,31,Haute-Garonne,76,OCCITANIE,1409629,223,13.34693855,5.667069516,7.67986903,24,22,8.2,13.3,728248,643337,14.24492415,7.262737739,49.36027707,15649,15011,91643,3265,330,610,1.835820195,14.74962627,6.233613416,26,11
2021,32,Gers,76,OCCITANIE,191322,30,1.68102509,-4.246940088,5.927965178,19,35,6.1,14.9,111171,88771,6.491954277,10.57290433,81.44065453,921,764,5763,94,0,26,4.406233208,39.70154433,4.879689625,33,7
2021,81,Tarn,76,OCCITANIE,389012,67,3.631796131,-1.384733829,5.01652996,21,32,8.0,15.6,212905,177548,8.665243405,9.169885418,78.79756354,1859,1719,15385,70,57,15,4.590471092,18.01104972,4.955540391,44,27
2022,7,Ardèche,84,AUVERGNE-RHONE-ALPES,329841,59,3.96,-2.09,6.05,22,33,8.6,14.3,206435,149347,9.0,10.0,75.0,2010,2541,13743,112,9,33,4.66,20.49,5.25,35,21
2022,21,Côte-d'Or,27,BOURGOGNE-FRANCHE-COMTE,534164,61,1.57,1.22,0.34,22,28,5.8,11.5,292479,251175,15.0,9.0,54.0,3064,3323,37029,477,313,103,2.58,8.61,5.77,35,16
2022,22,Côtes-d'Armor,53,BRETAGNE,600924,87,1.1,-3.24,4.34,22,34,6.8,12.1,371643,278422,8.0,9.0,82.0,3239,4299,23322,300,0,10,1.87,41.75,5.11,32,13
2022,26,Drôme,84,AUVERGNE-RHONE-ALPES,521894,80,6.95,2.13,4.82,24,29,8.5,14.4,277777,231521,13.0,9.0,64.0,3210,3900,29173,441,52,75,2.04,17.67,5.53,35,7
2022,2A,Corse-du-Sud,94,CORSE,161082,40,10.45,-1.1,11.54,20,31,6.5,16.3,122005,70014,9.0,3.0,52.0,2199,1356,6327,72,0,0,2.92,8.2,6.07,31,15
2022,30,Gard,76,OCCITANIE,751840,128,4.66,0.91,3.76,23,31,10.6,19.4,431684,338732,12.0,8.0,63.0,4652,5818,42004,669,300,52,5.15,12.96,5.55,38,3
2022,33,Gironde,75,NOUVELLE-AQUITAINE,1661929,153,13.55,2.95,10.59,23,26,7.2,12.4,886986,753105,14.0,6.0,61.0,16041,14536,108888,2707,117,382,1.0,20.98,6.11,29,3
2022,45,Loiret,24,CENTRE-VAL DE LOIRE,684609,101,3.79,3.35,0.44,25,27,7.2,13.2,348977,300347,17.0,9.0,68.0,3453,4493,51374,324,150,149,3.41,24.81,5.78,36,18
2022,46,Lot,76,OCCITANIE,174282,33,-0.27,-5.9,5.63,18,39,7.8,14.9,119499,84516,6.0,11.0,84.0,872,1145,5262,25,7,5,2.58,33.62,5.36,34,13
2022,48,Lozère,76,OCCITANIE,76604,15,-0.72,-5.01,4.29,20,34,4.9,14.9,61547,35342,8.0,10.0,78.0,366,418,2891,8,4,1,6.54,16.15,5.2,38,38
2022,59,Nord,32,HAUTS-DE-FRANCE,2607879,453,1.11,4.55,-3.43,26,24,9.8,18.4,1232504,1116712,25.0,8.0,66.0,12405,12512,275273,2965,143,792,1.19,35.3,5.7,41,19
2022,61,Orne,28,NORMANDIE,275624,45,-5.25,-3.01,-2.24,22,34,7.2,15.0,165100,129193,16.0,11.0,80.0,496,680,21168,100,0,5,7.35,31.73,4.92,43,38
2022,63,Puy-de-Dôme,84,AUVERGNE-RHONE-ALPES,669014,84,5.28,0.32,4.96,22,29,6.8,13.2,392038,311902,14.0,10.0,63.0,3821,4981,43602,592,8,198,3.03,15.71,5.47,37,11
2022,70,Haute-Saône,27,BOURGOGNE-FRANCHE-COMTE,233489,44,-2.59,-0.92,-1.67,22,31,6.8,13.0,128450,106544,11.0,11.0,76.0,743,831,11359,99,0,35,5.48,24.78,4.92,41,17
2022,81,Tarn,76,OCCITANIE,392053,68,3.81,-2.09,5.89,22,33,8.0,15.3,214423,178826,9.0,9.0,79.0,1893,2631,15454,151,50,44,4.58,18.42,4.99,44,22
2022,85,Vendée,52,PAYS DE LA LOIRE,694684,102,8.26,-0.58,8.85,23,32,5.9,8.9,430815,304996,8.0,5.0,84.0,5601,8714,24256,332,1,37,3.26,47.91,5.22,30,9
2022,92,Hauts-de-Seine,11,ILE-DE-FRANCE,1636156,9255,3.45,9.25,-5.8,25,21,6.6,11.9,807711,724639,28.0,6.0,11.0,11364,11229,203659,1683,160,358,2.59,0.91,7.17,46,12
2022,93,Seine-Saint-Denis,11,ILE-DE-FRANCE,1668164,7025,9.04,13.99,-4.96,29,17,10.9,27.6,687238,638197,37.0,6.0,24.0,13400,11531,235058,3328,460,146,2.32,1.67,6.78,42,11
2018,34,Hérault,76,OCCITANIE,1147246,188,14.0,3.0,10.0,23,27,13.0,19.0,696465,516421,11.0,7.0,49.0,11369,13604,57405,1660,121,,1.0,13.0,5.8,29,9
2018,88,Vosges,44,GRAND EST,367404,63,-3.0,0.0,-3.0,22,30,9.0,16.0,211645,168177,15.0,11.0,65.0,1520,916,24514,56,167,,6.0,15.0,4.6,42,38
2019,24,Dordogne,75,NOUVELLE-AQUITAINE,411495,45,0.0,-4.0,4.0,19,36,9.0,16.0,256942,194166,7.0,10.0,84.0,2085,1536,14148,230,0,,4.0,24.0,5.2,34,12
2019,26,Drôme,84,AUVERGNE-RHONE-ALPES,514584,78,7.0,3.0,4.0,24,27,9.0,15.0,269062,223879,12.0,8.0,63.0,3423,3502,28019,569,101,,2.0,16.0,5.3,35,11
2019,40,Landes,75,NOUVELLE-AQUITAINE,408172,44,9.0,0.0,10.0,21,31,8.0,12.0,252298,183092,6.0,6.0,72.0,3615,4779,12774,368,41,,2.0,41.0,5.2,29,9
2019,42,Loire,84,AUVERGNE-RHONE-ALPES,762214,159,2.0,2.0,0.0,24,28,8.0,14.0,394202,337676,17.0,10.0,50.0,3373,2758,59710,558,140,,6.0,7.0,5.0,43,21
2019,50,Manche,28,NORMANDIE,494827,83,0.0,0.0,0.0,22,31,6.0,12.0,295248,226479,16.0,8.0,79.0,2320,1996,37708,83,102,,3.0,39.0,4.6,40,35
2019,61,Orne,28,NORMANDIE,281852,46,-3.0,-1.0,-2.0,22,32,8.0,16.0,164640,129065,16.0,11.0,79.0,764,442,21134,75,227,,8.0,31.0,4.8,42,39
2019,65,Hautes-Pyrénées,76,OCCITANIE,226210,50,-1.0,-2.0,1.0,19,34,9.0,15.0,160809,107568,11.0,9.0,60.0,1301,1023,12651,173,4,,5.0,16.0,5.4,38,11
2019,85,Vendée,52,PAYS DE LA LOIRE,676527,100,9.0,1.0,8.0,23,30,6.0,10.0,417192,293737,7.0,5.0,83.0,5314,6035,22955,443,0,,3.0,48.0,5.0,30,11
2020,2,Aisne,32,HAUTS-DE-FRANCE,529132,72,-2.0,1.6,-3.6,24,27,11.3,18.5,265548,230554,17.9,9.6,75.8,1492,1314,41245,221,0,80,3.7,24.6,5.2,38,37
2020,3,Allier,84,AUVERGNE-RHONE-ALPES,333659,45,-2.7,-3.5,0.8,20,35,8.7,15.4,207725,162433,12.5,14.5,71.9,980,745,20360,882,0,42,6.1,26.2,5.1,38,27
2020,46,Lot,76,OCCITANIE,173521,33,0.0,-4.6,4.6,18,38,8.0,14.8,118075,83249,6.2,10.7,83.5,928,779,5167,65,87,5,4.1,34.0,5.2,33,17
2020,64,Pyrénées-Atlantiques,75,NOUVELLE-AQUITAINE,681157,89,4.7,-0.8,5.5,21,30,6.7,12.2,404979,316658,11.3,8.2,51.3,5406,5083,35886,944,40,27,2.2,8.2,5.6,33,4
2018,4,Alpes-de-Haute-Provence,93,PROVENCE ALPES COTE D'AZUR,161767,23,4.0,-1.0,5.0,21,33,11.0,17.0,125755,75640,9.0,8.0,61.0,1070,877,7074,104,0,,3.0,26.0,5.7,28,31
2018,8,Ardennes,44,GRAND EST,273680,52,-4.0,1.0,-5.0,24,28,10.0,20.0,141523,122176,20.0,10.0,71.0,853,620,23927,378,1024,,4.0,24.0,4.9,40,21
2018,68,Haut-Rhin,44,GRAND EST,766241,217,3.0,4.0,0.0,24,25,8.0,13.0,370811,326993,15.0,9.0,52.0,3628,2916,50041,413,109,,4.0,7.0,5.6,44,28
2018,69,Rhône,84,AUVERGNE-RHONE-ALPES,1860112,573,11.0,8.0,3.0,26,22,8.0,14.0,890850,799940,21.0,8.0,29.0,13401,14395,164417,3434,619,,2.0,3.0,6.0,41,22
2018,76,Seine-Maritime,28,NORMANDIE,1257594,200,1.0,4.0,-2.0,25,25,10.0,15.0,629506,557692,25.0,8.0,56.0,6927,7506,140936,2538,35,,3.0,15.0,5.4,40,31
2018,80,Somme,32,HAUTS-DE-FRANCE,570899,93,1.0,2.0,-1.0,25,25,11.0,17.0,294679,246955,16.0,8.0,74.0,2739,3573,39488,585,119,,2.0,26.0,5.5,39,31
2019,58,Nièvre,27,BOURGOGNE-FRANCHE-COMTE,204067,29,-7.0,-4.0,-2.0,19,37,7.0,15.0,141593,101316,13.0,13.0,77.0,497,283,13673,67,27,,15.0,15.0,5.1,44,31
2019,64,Pyrénées-Atlantiques,75,NOUVELLE-AQUITAINE,678031,88,4.0,0.0,5.0,21,30,7.0,12.0,400053,312779,11.0,8.0,51.0,5442,5044,34821,609,40,,2.0,8.0,5.6,33,4
2019,72,Sarthe,52,PAYS DE LA LOIRE,563909,90,0.0,2.0,-1.0,24,28,8.0,13.0,289447,249893,15.0,8.0,75.0,2031,1985,38660,352,0,,3.0,25.0,5.1,38,23
2019,73,Savoie,84,AUVERGNE-RHONE-ALPES,431863,71,5.0,3.0,2.0,23,26,6.0,10.0,341648,193918,17.0,6.0,38.0,4076,5397,33889,485,1,,3.0,5.0,5.8,36,40
2020,6,Alpes-Maritimes,93,PROVENCE ALPES COTE D'AZUR,1080815,251,0.2,0.6,-0.4,21,30,8.5,15.5,766748,509479,10.9,8.5,23.9,7045,7506,55555,1801,47,118,1.7,2.2,6.6,33,6
2020,24,Dordogne,75,NOUVELLE-AQUITAINE,410151,45,-0.5,-4.7,4.2,19,37,8.3,16.3,258732,194935,7.2,10.4,84.4,2022,2015,13983,128,266,15,4.5,41.7,5.2,34,13
2020,28,Eure-et-Loir,24,CENTRE-VAL DE LOIRE,430911,73,1.3,3.2,-1.9,25,27,7.7,12.4,215350,184213,17.5,8.4,73.9,1849,1662,32314,379,107,73,4.0,22.6,5.0,39,26
2020,49,Maine-et-Loire,52,PAYS DE LA LOIRE,815111,114,4.5,3.9,0.6,25,26,7.4,11.4,394578,355093,18.6,7.0,69.9,4170,4136,65987,891,168,289,2.6,32.5,5.3,34,18
2020,61,Orne,28,NORMANDIE,279304,46,-4.4,-1.5,-2.9,21,33,7.5,15.4,164926,129187,16.3,11.2,79.4,689,394,21009,108,329,2,8.6,31.6,4.8,42,39
2018,18,Cher,24,CENTRE-VAL DE LOIRE,306186,42,-3.0,-2.0,-1.0,22,32,9.0,15.0,177189,142262,15.0,12.0,79.0,1324,824,21203,101,159,,8.0,33.0,5.1,36,41
2018,32,Gers,76,OCCITANIE,191344,31,4.0,-3.0,8.0,21,34,7.0,15.0,108655,86924,6.0,11.0,81.0,1164,676,5591,132,1,,4.0,40.0,4.9,33,22
2018,51,Marne,44,GRAND EST,573247,70,1.0,3.0,-2.0,25,25,8.0,15.0,289583,258110,28.0,9.0,56.0,2924,2655,71803,404,375,,4.0,18.0,5.3,40,36
2018,973,Guyane,3,GUYANE,274153,3,29.0,27.0,2.0,42,8,23.0,,84718,74460,23.0,10.0,63.0,1868,1680,16843,621,3,,7.0,19.0,6.2,32,
2019,19,Corrèze,75,NOUVELLE-AQUITAINE,241280,41,0.0,-4.0,3.0,20,34,7.0,13.0,153380,113076,8.0,11.0,78.0,1023,698,9818,219,4,,3.0,34.0,5.1,30,40
2019,22,Côtes-d'Armor,53,BRETAGNE,597600,86,2.0,-1.0,4.0,22,32,7.0,12.0,363788,273772,8.0,8.0,82.0,3508,3401,21956,425,209,,2.0,41.0,5.0,30,15
2019,53,Mayenne,52,PAYS DE LA LOIRE,305979,59,0.0,2.0,-1.0,25,28,5.0,11.0,155625,133395,11.0,8.0,80.0,1194,1116,15636,118,74,,4.0,31.0,4.7,37,11
2019,57,Moselle,44,GRAND EST,1040040,167,0.0,1.0,-2.0,22,26,8.0,14.0,510597,454580,17.0,8.0,55.0,5122,6183,77971,1277,122,,3.0,12.0,5.4,46,31
2019,66,Pyrénées-Orientales,76,OCCITANIE,479754,116,8.0,-1.0,9.0,22,32,14.0,20.0,346847,219896,10.0,8.0,56.0,4023,4866,22824,638,4,,4.0,22.0,5.4,31,1
2019,972,Martinique,2,MARTINIQUE,368640,326,-7.0,3.0,-10.0,22,27,17.0,30.0,211621,167004,19.0,15.0,63.0,3017,2326,32660,483,3,,3.0,0.0,5.5,25,
2020,22,Côtes-d'Armor,53,BRETAGNE,597327,87,1.7,-2.0,3.7,22,33,7.1,11.8,366683,275171,8.3,8.8,82.2,3407,3144,22738,413,44,13,2.3,41.4,5.0,31,14
2020,40,Landes,75,NOUVELLE-AQUITAINE,410346,44,8.2,-1.3,9.5,20,32,8.0,11.7,255992,186013,7.1,6.8,72.8,3693,4503,13157,566,88,20,1.6,41.6,5.3,28,8
2020,971,Guadeloupe,1,GUADELOUPE,381294,234,-5.0,4.7,-9.8,24,26,21.0,,227525,171988,21.5,15.5,74.8,3473,3219,37004,704,0,31,5.5,21.8,6.3,20,0
2020,972,Martinique,2,MARTINIQUE,363484,322,-8.3,3.1,-11.4,22,29,15.0,28.6,212577,167200,19.9,15.4,62.8,2913,3046,33198,564,0,21,4.5,0.4,5.6,25,0
2018,14,Calvados,28,NORMANDIE,695450,125,3.0,2.0,1.0,24,27,8.0,13.0,408111,307973,18.0,7.0,61.0,4829,5009,56833,1084,93,,3.0,34.0,5.5,36,33
2018,2B,Haute-Corse,94,CORSE,176795,38,12.0,0.0,12.0,21,29,10.0,22.0,127847,77717,10.0,4.0,50.0,2345,1914,7985,174,0,,1.0,10.0,5.4,34,17
2018,38,Isère,84,AUVERGNE-RHONE-ALPES,1265869,170,7.0,6.0,1.0,26,24,7.0,12.0,633595,534281,16.0,7.0,49.0,8564,8846,86900,1361,120,,3.0,11.0,5.9,34,30
2018,85,Vendée,52,PAYS DE LA LOIRE,676050,101,11.0,2.0,10.0,24,30,7.0,10.0,412580,290140,8.0,5.0,84.0,5467,5104,22553,506,1,,4.0,48.0,5.0,30,12
2019,30,Gard,76,OCCITANIE,744958,127,7.0,1.0,5.0,23,29,12.0,20.0,419029,329812,12.0,8.0,62.0,4583,4860,40081,611,115,,4.0,12.0,5.4,38,7
2019,32,Gers,76,OCCITANIE,189824,30,2.0,-3.0,6.0,20,34,6.0,14.0,109392,87179,6.0,10.0,81.0,1008,789,5596,107,95,,4.0,40.0,5.0,33,17
2019,34,Hérault,76,OCCITANIE,1155017,189,13.0,2.0,10.0,23,27,12.0,19.0,707572,524691,11.0,7.0,48.0,11423,13572,59601,2308,157,,1.0,12.0,5.8,28,7
2018,49,Maine-et-Loire,52,PAYS DE LA LOIRE,817518,114,6.0,5.0,2.0,26,25,8.0,12.0,389081,349748,18.0,7.0,70.0,4506,3835,64126,1117,244,,3.0,33.0,5.3,34,20
2020,17,Charente-Maritime,75,NOUVELLE-AQUITAINE,646194,94,4.8,-2.6,7.4,20,35,8.3,13.0,431948,305740,9.2,7.1,77.2,5398,5435,28227,690,3,43,2.0,24.4,5.4,34,8
2018,91,Essonne,11,ILE-DE-FRANCE,1301545,721,8.0,9.0,-1.0,28,20,7.0,13.0,541843,500878,23.0,6.0,47.0,8601,11372,113838,2990,524,,2.0,5.0,6.4,37,27
2020,39,Jura,27,BOURGOGNE-FRANCHE-COMTE,258611,52,-1.0,-0.1,-0.9,22,30,5.9,11.9,149350,119104,11.9,10.0,65.0,977,1017,14159,47,44,9,5.0,13.9,4.5,41,34
2020,48,Lozère,76,OCCITANIE,76401,15,-1.0,-3.6,2.7,20,33,5.0,14.9,60898,34983,8.2,10.2,78.2,400,344,2882,30,1,1,6.7,15.9,5.1,37,38
2019,2B,Haute-Corse,94,CORSE,179097,38,12.0,0.0,12.0,20,29,9.0,21.0,129422,78829,10.0,3.0,50.0,2274,2303,8181,71,0,,0.0,9.0,5.4,34,18
2020,62,Pas-de-Calais,32,HAUTS-DE-FRANCE,1457843,219,-0.2,2.6,-2.9,25,25,9.8,19.3,713245,613690,26.2,7.7,77.4,6327,6177,160839,1440,468,421,2.6,56.8,5.5,49,22
2019,43,Haute-Loire,84,AUVERGNE-RHONE-ALPES,227033,45,2.0,-1.0,3.0,22,30,6.0,12.0,142111,101218,7.0,12.0,77.0,1095,991,8086,120,184,,7.0,19.0,5.1,40,26
2019,45,Loiret,24,CENTRE-VAL DE LOIRE,677354,99,4.0,3.0,0.0,25,25,8.0,13.0,341549,294190,17.0,9.0,68.0,3603,3683,50142,491,82,,3.0,25.0,5.8,36,21
2020,23,Creuse,75,NOUVELLE-AQUITAINE,117071,21,-5.3,-8.4,3.1,18,38,7.7,18.2,88506,57546,9.4,14.9,86.6,330,190,5418,12,38,11,9.0,30.4,4.5,44,29
2020,76,Seine-Maritime,28,NORMANDIE,1247452,199,-0.2,3.0,-3.2,24,26,9.1,14.5,640334,563675,26.2,8.1,55.9,6932,6487,147432,1646,132,337,3.3,14.5,5.4,39,20
2020,82,Tarn-et-Garonne,76,OCCITANIE,261197,70,9.2,1.4,7.8,24,28,9.4,16.8,131300,110784,7.7,9.8,78.6,1388,1307,8496,212,55,5,2.5,38.3,5.4,31,22
2020,95,Val-d'Oise,11,ILE-DE-FRANCE,1241800,997,6.2,10.6,-4.4,28,19,8.2,16.6,504100,468351,26.5,5.8,44.6,7601,8297,124276,1896,29,122,2.0,6.4,6.5,38,18
2021,42,Loire,84,AUVERGNE-RHONE-ALPES,765546,160,2.216311702,2.021905422,0.19440628,24,28,7.8,15.0,399133,341580,17.56860806,10.35411307,50.95714113,3296,3285,60011,429,146,149,6.27832508,7.69525587,5.11564057,43,20
2021,74,Haute-Savoie,84,AUVERGNE-RHONE-ALPES,831867,189,12.70566653,6.114988999,6.590677534,24,22,6.6,8.9,517217,360944,13.60733904,6.221120212,39.78706661,11097,12569,49115,1524,18,62,1.656261398,2.156164105,6.233895765,27,20
2021,21,Côte-d'Or,27,BOURGOGNE-FRANCHE-COMTE,532576,60,1.567249856,1.626179061,-0.058929205,22,27,6.0,11.2,290523,249765,14.80710445,8.439102437,54.34514788,3087,3278,36983,628,1,54,2.292604969,7.554822486,5.702715142,35,17
2021,25,Doubs,27,BOURGOGNE-FRANCHE-COMTE,542997,103,2.885158308,3.935615893,-1.050457586,24,25,7.2,12.1,282055,245757,15.33140346,8.521194155,51.17247102,2969,3177,37678,485,250,152,2.89978921,7.779075322,5.580911692,41,23
2021,89,Yonne,27,BOURGOGNE-FRANCHE-COMTE,334626,45,-2.301830603,-1.570757058,-0.731073545,22,32,6.9,14.5,197683,153251,13.58227599,11.79174592,77.87617402,933,797,20815,138,23,55,4.524659394,20.04323805,5.217010573,39,25
2021,35,Ille-et-Vilaine,53,BRETAGNE,1085753,160,9.878458518,4.266804299,5.611654219,25,23,6.3,10.5,554254,478061,15.39698827,6.693305587,59.67329421,9266,10701,73607,1479,39,118,2.417121156,15.07057753,5.484898667,31,11
2021,18,Cher,24,CENTRE-VAL DE LOIRE,299153,41,-3.888747884,-2.30067115,-1.588076734,20,33,7.7,14.3,179125,142526,14.696875,12.92724698,79.29341324,1038,1079,20947,16,164,140,5.406254911,32.36740345,5.162102193,37,37
2021,41,Loir-et-Cher,24,CENTRE-VAL DE LOIRE,327835,51,-0.679837251,-0.875850933,0.196013682,22,32,6.2,12.6,184614,150035,14.33389834,10.84752869,80.29545074,1207,1051,21506,90,20,25,7.328192444,30.30317121,4.921047319,37,23
2021,10,Aube,44,GRAND EST,310161,51,2.253014074,1.026944519,1.226069555,24,28,10.0,16.2,165501,141918,22.67918048,9.519184747,65.68774286,1448,1431,32186,717,64,171,3.699245185,23.83023675,5.370930176,39,27
2021,57,Moselle,44,GRAND EST,1041009,167,-0.388205147,1.363358869,-1.751564016,22,27,7.7,15.3,518771,460366,17.03250489,9.150402052,55.00011085,5166,5708,78412,670,194,228,4.923796612,12.32081824,5.47122355,46,20
2021,68,Haut-Rhin,44,GRAND EST,765130,217,2.046994993,2.707853749,-0.660858756,23,27,8.0,12.9,380237,333661,15.039204,8.967768984,51.83120203,3745,4556,50180,461,43,117,3.145604972,6.713830211,5.619745441,45,24
2021,59,Nord,32,HAUTS-DE-FRANCE,2601802,453,0.971448752,4.726964378,-3.755515626,26,23,9.8,19.1,1224589,1111650,24.45084854,7.650652556,65.97816224,12975,12261,271808,2550,540,720,1.133582127,35.77267777,5.686523541,40,24
2021,92,Hauts-de-Seine,11,ILE-DE-FRANCE,1628798,9254,3.580817684,9.008896718,-5.428079034,24,20,6.8,11.9,801736,719924,28.11196415,6.477672162,11.30260118,10733,12035,202385,1883,221,454,1.915385577,0.909158287,6.979770791,45,17
2021,95,Val-d'Oise,11,ILE-DE-FRANCE,1253568,1006,7.036351108,10.61596143,-3.579610318,28,19,8.9,17.2,510302,473372,26.56975654,5.916239135,44.20622939,7875,7655,125774,1836,76,171,2.092250767,5.654586799,6.383801902,39,17
2021,23,Creuse,75,NOUVELLE-AQUITAINE,115555,20,-6.074990449,-8.593095937,2.518105487,17,39,7.0,18.7,88727,57456,9.645514458,15.4705554,86.48040765,305,192,5542,0,24,6,9.064830752,29.61024901,4.573917823,43,27
2021,33,Gironde,75,NOUVELLE-AQUITAINE,1636085,152,12.89223009,2.955262913,9.936967179,23,25,7.5,12.6,872327,740536,14.40537145,6.222187736,61.57252142,16642,16419,106677,3298,131,400,1.271228821,20.78236171,6.033523588,28,5
2021,47,Lot-et-Garonne,75,NOUVELLE-AQUITAINE,330756,61,-0.110834947,-1.887818122,1.776983175,21,33,7.9,17.0,186511,153366,7.352312427,11.48945116,79.58347907,1275,1543,11276,138,0,70,1.958993098,29.4608017,5.187852725,33,9
2021,86,Vienne,75,NOUVELLE-AQUITAINE,438390,62,2.621063547,0.773889085,1.847174462,23,28,6.3,14.3,241950,204488,12.51905783,9.617560485,73.96672782,1955,1747,25600,111,3,78,4.149895347,30.23046875,5.314421603,39,21
2021,53,Mayenne,52,PAYS DE LA LOIRE,306123,59,-0.069857706,1.631862948,-1.701720654,24,29,5.3,11.5,157551,134870,11.91440504,9.129872533,80.61767224,1193,1522,16069,150,28,60,4.28769018,31.70079034,4.925780981,36,25
2021,6,Alpes-Maritimes,93,PROVENCE ALPES COTE D'AZUR,1088178,253,0.875938257,0.495305123,0.380633134,21,31,8.9,15.8,772316,512562,11.16507061,8.370714401,23.70709229,7226,6794,57228,1609,38,362,1.572647042,2.075906899,6.612326389,32,6
2021,46,Lot,76,OCCITANIE,174146,33,-0.24745386,-4.910126133,4.662672273,18,38,7.8,15.0,118998,84060,6.253826625,10.79003173,83.52442485,889,792,5257,107,0,10,4.07548685,33.66939319,5.281820702,33,17
2021,66,Pyrénées-Orientales,76,OCCITANIE,478983,116,6.786417356,-1.606534936,8.392952292,21,33,12.2,21.0,352741,224381,11.07309015,8.162977461,55.86648307,3900,4043,24846,693,23,19,3.497864061,21.24285599,5.448128712,30,1
2022,2,Aisne,32,HAUTS-DE-FRANCE,526857,72,-2.67,0.55,-3.22,25,28,11.1,18.0,266922,230907,18.0,10.0,76.0,1312,1379,40922,246,4,95,4.16,24.25,5.33,39,35
2022,15,Cantal,84,AUVERGNE-RHONE-ALPES,143790,25,-2.57,-6.95,4.39,19,37,4.3,13.2,101953,68977,9.0,12.0,76.0,525,572,6231,84,2,2,3.88,23.17,5.21,36,22
2022,16,Charente,75,NOUVELLE-AQUITAINE,350888,59,-0.52,-2.86,2.35,20,33,7.5,14.6,198920,165063,10.0,11.0,83.0,1264,1629,16153,151,45,31,3.21,20.66,5.2,41,12
2022,27,Eure,28,NORMANDIE,595697,99,1.29,2.67,-1.38,25,27,7.8,12.3,298148,254430,17.0,8.0,77.0,2385,2484,42513,229,52,133,2.36,28.3,5.64,35,18
2022,47,Lot-et-Garonne,75,NOUVELLE-AQUITAINE,329848,62,-0.31,-2.7,2.39,21,34,7.9,16.8,187058,153387,7.0,12.0,80.0,1239,1717,11297,133,22,47,2.25,29.65,5.24,33,4
2022,52,Haute-Marne,44,GRAND EST,168391,27,-7.67,-2.83,-4.84,21,33,6.5,15.0,100382,80817,20.0,12.0,74.0,338,408,15865,35,71,32,10.01,18.64,5.04,46,19
2022,58,Nièvre,27,BOURGOGNE-FRANCHE-COMTE,201110,30,-7.89,-6.65,-1.24,19,38,6.5,15.5,141411,100314,13.0,14.0,78.0,363,375,13348,8,165,30,12.11,16.53,5.15,45,19
2022,60,Oise,32,HAUTS-DE-FRANCE,831944,142,3.26,4.77,-1.51,26,24,7.9,12.8,378048,341929,20.0,7.0,67.0,3323,4045,67912,738,37,207,1.63,16.4,5.63,39,23
2022,73,Savoie,84,AUVERGNE-RHONE-ALPES,439852,72,4.99,2.24,2.74,23,28,6.5,10.3,352254,199957,18.0,6.0,38.0,4490,5767,35004,435,105,53,2.66,5.53,5.97,37,26
2022,76,Seine-Maritime,28,NORMANDIE,1254203,200,0.23,2.41,-2.18,24,27,8.6,14.6,649681,570684,26.0,8.0,56.0,6426,6126,148713,1190,155,441,2.55,14.32,5.52,41,18
2022,77,Seine-et-Marne,11,ILE-DE-FRANCE,1436063,241,7.29,8.07,-0.77,27,21,7.3,11.7,626435,564817,19.0,7.0,57.0,10456,12044,108619,1636,35,227,2.63,8.16,6.44,35,19
2022,78,Yvelines,11,ILE-DE-FRANCE,1457875,635,3.13,7.68,-4.55,27,23,6.7,9.7,649383,590685,22.0,6.0,42.0,8668,8455,129509,2300,183,196,2.6,5.14,6.72,39,17
2022,84,Vaucluse,93,PROVENCE ALPES COTE D'AZUR,562533,157,2.91,2.53,0.38,24,29,10.1,19.5,308505,251069,14.0,10.0,64.0,3599,3935,35851,528,1,74,2.08,16.07,5.77,39,11
2022,88,Vosges,44,GRAND EST,360241,62,-4.91,-2.61,-2.3,21,33,8.2,14.9,214287,169179,14.0,11.0,65.0,1080,1452,24294,53,28,33,4.3,14.39,4.79,44,21
2022,89,Yonne,27,BOURGOGNE-FRANCHE-COMTE,332048,45,-3.04,-2.35,-0.69,22,32,7.1,14.3,197718,152951,14.0,12.0,78.0,791,948,20929,165,0,45,4.59,19.94,5.26,40,16
2018,57,Moselle,44,GRAND EST,1041050,167,0.0,2.0,-2.0,23,26,9.0,15.0,506609,451833,17.0,9.0,55.0,5349,5580,75052,881,349,,4.0,13.0,5.3,46,31
2018,59,Nord,32,HAUTS-DE-FRANCE,2612189,455,2.0,5.0,-4.0,27,22,12.0,19.0,1194450,1090856,24.0,7.0,67.0,12205,11906,263368,4458,739,,1.0,37.0,5.6,40,30
2018,83,Var,93,PROVENCE ALPES COTE D'AZUR,1064536,178,7.0,0.0,7.0,21,32,10.0,16.0,700842,476515,10.0,7.0,47.0,8245,10401,46378,1583,1,,3.0,7.0,5.7,33,8
2019,15,Cantal,84,AUVERGNE-RHONE-ALPES,144417,25,-2.0,-5.0,2.0,18,35,5.0,14.0,101070,68680,8.0,11.0,75.0,621,623,6119,55,20,,3.0,23.0,5.3,31,33
2019,17,Charente-Maritime,75,NOUVELLE-AQUITAINE,645148,93,5.0,-2.0,7.0,20,34,9.0,13.0,427696,303096,9.0,7.0,77.0,5481,5410,27546,543,3,,1.0,24.0,5.4,34,9
2019,86,Vienne,75,NOUVELLE-AQUITAINE,437355,62,3.0,1.0,1.0,23,28,7.0,13.0,237993,201366,12.0,9.0,73.0,2048,1748,25516,249,42,,5.0,29.0,5.3,38,21
2020,74,Haute-Savoie,84,AUVERGNE-RHONE-ALPES,821382,187,13.2,6.3,6.9,24,22,6.0,9.1,508229,355359,13.4,6.0,40.0,10168,13283,47657,1555,38,86,1.3,2.6,6.1,28,20
2020,79,Deux-Sèvres,75,NOUVELLE-AQUITAINE,373100,62,1.8,-0.1,2.0,23,30,5.8,12.3,193971,166837,9.4,9.2,85.8,1482,1010,15639,75,50,52,3.7,49.7,5.0,35,32
2018,11,Aude,76,OCCITANIE,369302,60,7.0,-1.0,8.0,22,32,12.0,21.0,256038,167958,10.0,9.0,71.0,2744,1844,16928,808,0,,3.0,29.0,5.3,38,14
2018,22,Côtes-d'Armor,53,BRETAGNE,598722,87,4.0,-1.0,5.0,23,33,8.0,12.0,360831,272256,8.0,9.0,82.0,3859,3523,22035,468,98,,3.0,40.0,5.0,31,16
2018,28,Eure-et-Loir,24,CENTRE-VAL DE LOIRE,434254,74,3.0,4.0,-1.0,25,26,8.0,12.0,212566,182656,18.0,8.0,74.0,1955,1705,32099,720,11,,4.0,22.0,5.0,39,28
2018,79,Deux-Sèvres,75,NOUVELLE-AQUITAINE,375517,63,4.0,1.0,3.0,24,29,7.0,13.0,191426,165422,9.0,9.0,86.0,1837,1051,15659,188,14,,4.0,50.0,5.0,35,32
2019,48,Lozère,76,OCCITANIE,75949,14,-1.0,-3.0,1.0,21,32,5.0,15.0,60395,34634,8.0,10.0,78.0,432,305,2856,59,6,,6.0,15.0,5.1,37,39
2019,62,Pas-de-Calais,32,HAUTS-DE-FRANCE,1467068,219,0.0,2.0,-2.0,25,24,10.0,20.0,708207,610194,26.0,7.0,77.0,6444,6477,160370,1521,642,,2.0,56.0,5.6,49,23
2019,63,Puy-de-Dôme,84,AUVERGNE-RHONE-ALPES,654799,82,4.0,0.0,3.0,22,28,7.0,12.0,382695,303705,13.0,10.0,63.0,3474,4020,41110,763,82,,2.0,15.0,5.3,38,18
2020,9,Ariège,76,OCCITANIE,152750,31,1.1,-2.9,3.9,20,33,10.2,18.4,109392,71654,5.0,9.7,79.8,638,520,3576,0,0,2,5.5,19.6,4.9,35,0
2020,14,Calvados,28,NORMANDIE,692463,125,1.7,1.6,0.1,23,28,7.4,12.3,416115,312791,18.9,6.9,60.4,4844,5474,59096,829,167,86,2.6,32.9,5.6,36,20
2020,33,Gironde,75,NOUVELLE-AQUITAINE,1617189,151,12.7,3.1,9.6,23,25,7.6,12.6,856616,727304,14.3,6.3,62.2,16342,19758,103911,3549,243,378,1.1,21.4,5.9,29,5
2020,43,Haute-Loire,84,AUVERGNE-RHONE-ALPES,227082,46,1.8,-1.4,3.2,22,31,6.4,12.1,142989,101984,7.9,12.4,77.6,1017,850,8102,24,0,35,7.8,19.8,5.1,39,25
2020,47,Lot-et-Garonne,75,NOUVELLE-AQUITAINE,331202,62,0.5,-1.6,2.1,21,33,8.2,17.0,185343,152670,7.4,11.4,79.8,1278,1124,11222,96,62,75,2.6,29.5,5.1,33,11
2018,63,Puy-de-Dôme,84,AUVERGNE-RHONE-ALPES,652856,82,4.0,1.0,3.0,23,28,8.0,13.0,379235,301246,13.0,11.0,63.0,3514,3244,40258,1042,35,,3.0,15.0,5.2,38,19
2018,72,Sarthe,52,PAYS DE LA LOIRE,567779,91,2.0,3.0,-1.0,25,28,8.0,14.0,287698,248795,15.0,9.0,75.0,2233,1976,38420,493,0,,4.0,25.0,5.0,38,24
2018,73,Savoie,84,AUVERGNE-RHONE-ALPES,432013,72,7.0,4.0,3.0,23,26,7.0,10.0,338924,192573,17.0,6.0,38.0,4230,4414,32691,638,77,,4.0,6.0,5.8,36,42
2018,81,Tarn,76,OCCITANIE,390859,68,6.0,0.0,6.0,23,31,10.0,16.0,207386,173028,9.0,9.0,79.0,2099,1987,15291,186,57,,5.0,17.0,4.9,43,30
2019,18,Cher,24,CENTRE-VAL DE LOIRE,302754,41,-3.0,-1.0,-1.0,21,32,9.0,14.0,177873,142114,14.0,12.0,79.0,1213,746,21088,48,64,,8.0,32.0,5.1,36,38
2019,2A,Corse-du-Sud,94,CORSE,157372,39,11.0,0.0,11.0,19,29,8.0,17.0,116432,67274,9.0,2.0,51.0,2477,3320,6270,130,0,,2.0,8.0,6.0,30,18
2019,44,Loire-Atlantique,52,PAYS DE LA LOIRE,1410994,207,12.0,4.0,7.0,25,23,6.0,10.0,729714,611300,14.0,5.0,61.0,12949,14170,86329,2778,146,,2.0,16.0,5.8,32,4
2019,46,Lot,76,OCCITANIE,172296,33,0.0,-4.0,4.0,18,37,8.0,15.0,117328,82586,6.0,10.0,83.0,973,775,5220,14,4,,4.0,33.0,5.3,33,17
2019,56,Morbihan,53,BRETAGNE,750512,109,5.0,0.0,5.0,22,31,7.0,11.0,459455,342285,10.0,7.0,73.0,5480,6314,36683,568,61,,2.0,21.0,5.4,30,18
2019,89,Yonne,27,BOURGOGNE-FRANCHE-COMTE,338011,45,-1.0,0.0,0.0,22,31,7.0,14.0,195822,152388,13.0,11.0,77.0,1116,951,20690,172,237,,3.0,19.0,5.2,39,30
2020,71,Saône-et-Loire,27,BOURGOGNE-FRANCHE-COMTE,550004,64,-0.9,-1.4,0.6,21,33,7.3,12.9,310391,255333,16.7,10.3,69.6,2018,1903,42618,232,548,48,8.2,19.7,5.2,45,21
2018,13,Bouches-du-Rhône,93,PROVENCE ALPES COTE D'AZUR,2035414,400,4.0,5.0,-1.0,24,26,11.0,19.0,1000230,884138,17.0,7.0,38.0,13399,17077,153232,2793,51,,3.0,6.0,5.8,40,10
2018,16,Charente,75,NOUVELLE-AQUITAINE,352656,59,1.0,-1.0,2.0,21,32,9.0,15.0,195029,162693,10.0,10.0,83.0,1751,1231,15768,117,35,,4.0,20.0,5.1,39,14
2018,23,Creuse,75,NOUVELLE-AQUITAINE,119278,21,-4.0,-8.0,4.0,18,38,8.0,19.0,88030,57702,9.0,14.0,86.0,420,214,5425,12,12,,9.0,30.0,4.5,43,31
2018,2A,Corse-du-Sud,94,CORSE,157488,39,13.0,0.0,13.0,20,30,9.0,17.0,114304,66159,9.0,3.0,52.0,2490,2204,6130,406,0,,3.0,9.0,5.9,30,19
2018,40,Landes,75,NOUVELLE-AQUITAINE,409211,44,11.0,-1.0,12.0,21,31,9.0,12.0,249240,181199,7.0,7.0,73.0,3632,3971,12236,222,33,,3.0,43.0,5.2,29,11
2018,43,Haute-Loire,84,AUVERGNE-RHONE-ALPES,227435,46,3.0,-1.0,4.0,23,30,7.0,13.0,141350,100525,8.0,12.0,77.0,1177,939,8255,139,5,,8.0,20.0,5.1,40,28
2018,46,Lot,76,OCCITANIE,172061,33,1.0,-4.0,5.0,19,37,9.0,15.0,116516,82069,6.0,10.0,83.0,1076,680,5209,173,5,,4.0,34.0,5.3,32,18
2018,54,Meurthe-et-Moselle,44,GRAND EST,733753,140,1.0,3.0,-2.0,24,25,9.0,15.0,369849,329508,16.0,9.0,54.0,2837,2180,52130,936,37,,3.0,11.0,5.5,40,28
2018,90,Territoire de Belfort,27,BOURGOGNE-FRANCHE-COMTE,144496,237,1.0,4.0,-2.0,24,25,9.0,15.0,71397,64732,22.0,8.0,47.0,563,403,14500,26,0,,4.0,8.0,5.1,42,28
2018,974,La réunion,4,LA REUNION,860815,344,8.0,12.0,-4.0,32,16,22.0,40.0,356849,319088,22.0,8.0,67.0,8332,7368,70366,2807,18,,2.0,15.0,6.0,20,
2019,21,Côte-d'Or,27,BOURGOGNE-FRANCHE-COMTE,533218,60,2.0,2.0,0.0,23,26,7.0,11.0,285326,246137,14.0,8.0,54.0,2887,4136,35968,847,136,,2.0,8.0,5.7,36,19
2018,15,Cantal,84,AUVERGNE-RHONE-ALPES,145045,25,-3.0,-5.0,2.0,19,35,5.0,14.0,100612,68531,9.0,12.0,76.0,675,549,6078,56,8,,5.0,23.0,5.2,31,35
2018,30,Gard,76,OCCITANIE,744966,127,8.0,2.0,6.0,23,29,12.0,20.0,414992,327186,12.0,8.0,62.0,4834,4669,39689,785,146,,4.0,12.0,5.4,39,9
2019,93,Seine-Saint-Denis,11,ILE-DE-FRANCE,1638931,6944,8.0,13.0,-4.0,29,16,11.0,28.0,662466,617926,36.0,5.0,24.0,11095,16761,223916,2518,313,,1.0,1.0,6.7,41,20
2019,94,Val-de-Marne,11,ILE-DE-FRANCE,1390059,5673,6.0,9.0,-3.0,25,20,7.0,16.0,626297,581138,29.0,5.0,22.0,8440,12750,172904,1914,208,,1.0,1.0,6.8,42,16
2018,67,Bas-Rhin,44,GRAND EST,1122696,236,4.0,4.0,-1.0,23,24,8.0,13.0,539184,483030,14.0,8.0,47.0,7338,8434,65297,1381,83,,2.0,4.0,5.8,43,31
2020,18,Cher,24,CENTRE-VAL DE LOIRE,299060,41,-3.8,-2.0,-1.8,21,33,8.4,14.7,178580,141923,14.9,13.0,79.4,1091,627,21186,117,16,50,7.3,32.5,5.1,37,38
2020,54,Meurthe-et-Moselle,44,GRAND EST,731615,139,0.1,2.2,-2.1,23,25,7.8,14.7,375755,333167,16.0,9.4,53.5,2803,2483,53263,378,1,272,3.2,10.9,5.5,41,24
2020,77,Seine-et-Marne,11,ILE-DE-FRANCE,1417171,240,7.9,8.0,-0.1,27,20,6.7,11.6,612076,552572,18.9,6.8,57.7,9578,10497,104701,2292,160,213,2.9,8.3,6.3,35,24
2020,80,Somme,32,HAUTS-DE-FRANCE,571025,93,0.2,1.6,-1.4,24,26,9.5,16.6,299211,249773,16.6,8.3,73.7,2722,2652,41559,789,39,43,2.1,25.5,5.5,38,30
2019,74,Haute-Savoie,84,AUVERGNE-RHONE-ALPES,819664,186,14.0,6.0,8.0,24,21,6.0,9.0,500698,350621,13.0,5.0,40.0,9863,12071,46044,1586,1,,1.0,2.0,6.1,28,21
2020,973,Guyane,3,GUYANE,283539,3,26.3,26.8,-0.5,41,9,20.0,,88986,77930,23.4,10.1,61.8,1908,980,18243,775,7,7,7.4,20.8,6.3,19,0
2019,75,Paris,11,ILE-DE-FRANCE,2157184,20544,-2.0,7.0,-9.0,19,22,6.0,16.0,1374377,1140127,20.0,8.0,0.0,4080,4295,228489,2096,8,,1.0,0.0,8.1,55,15
2019,77,Seine-et-Marne,11,ILE-DE-FRANCE,1414273,239,8.0,8.0,0.0,27,19,7.0,11.0,604627,546481,18.0,6.0,58.0,9222,13399,100659,1437,51,,2.0,8.0,6.3,36,27
2019,82,Tarn-et-Garonne,76,OCCITANIE,260118,69,10.0,1.0,8.0,24,28,10.0,17.0,130059,109760,7.0,9.0,78.0,1440,1552,8361,217,79,,4.0,38.0,5.4,30,22
2019,971,Guadeloupe,1,GUADELOUPE,386823,237,-3.0,5.0,-8.0,25,25,23.0,,226105,171762,20.0,15.0,74.0,3514,3211,36221,702,59,,5.0,22.0,6.2,20,
2020,26,Drôme,84,AUVERGNE-RHONE-ALPES,517703,79,7.2,2.8,4.4,24,28,8.9,14.7,272494,226937,12.6,8.7,63.8,3366,3346,28558,587,216,77,2.6,17.1,5.3,34,12
2020,73,Savoie,84,AUVERGNE-RHONE-ALPES,432181,72,5.2,3.0,2.2,23,27,5.9,9.8,345226,195845,17.6,6.1,38.0,4190,5572,34405,647,95,34,3.6,5.5,5.7,36,40
2020,88,Vosges,44,GRAND EST,362243,62,-4.7,-1.2,-3.5,21,31,8.7,15.4,213629,168767,14.5,11.3,65.0,1241,885,24394,66,103,42,5.6,14.6,4.7,42,34
2021,15,Cantal,84,AUVERGNE-RHONE-ALPES,143821,25,-2.929901054,-5.836854254,2.9069532,18,36,4.5,13.0,101693,68833,8.999956001,11.93898109,75.72375365,555,525,6195,25,0,19,3.851374279,23.01856336,5.175641861,35,32
2021,38,Isère,84,AUVERGNE-RHONE-ALPES,1269323,170,5.218033545,5.135554977,0.082478568,25,24,6.6,11.3,653289,548468,16.4417855,7.702555331,49.10302389,9031,11078,90178,1191,227,234,2.580772034,10.30628313,5.944240762,36,26
2021,55,Meuse,44,GRAND EST,181387,29,-6.464421446,-0.640460389,-5.823961057,22,30,7.3,14.5,99893,83213,12.17829156,12.09737229,76.27111467,363,223,10134,42,192,28,8.436018957,25.2812315,5.048790436,43,57
2021,62,Pas-de-Calais,32,HAUTS-DE-FRANCE,1459364,218,-0.138430135,2.319645652,-2.458075787,25,25,9.0,19.3,717901,617546,26.12902951,7.620728612,77.27199331,6238,5788,161359,1297,426,404,2.2891117,56.07992117,5.637818065,50,22
2021,78,Yvelines,11,ILE-DE-FRANCE,1449520,634,2.892959436,7.451846121,-4.558886684,26,22,6.7,9.7,643946,586449,21.66630916,6.342942213,41.91895629,8636,9190,127062,2681,111,189,2.576414398,4.308133037,6.459588739,38,26
2021,93,Seine-Saint-Denis,11,ILE-DE-FRANCE,1657893,7024,8.925145593,13.26410205,-4.338956459,29,16,11.1,28.4,679663,632024,36.55172264,5.906682372,23.55032314,13189,16549,231016,3776,285,127,1.837377241,1.621965578,6.603567025,41,18
2021,50,Manche,28,NORMANDIE,492896,83,-1.173139889,-1.462865942,0.289726053,21,32,5.8,12.0,298631,228960,16.51812764,8.369987185,79.88599905,2214,2077,37820,62,1,11,3.195706028,40.23796933,4.728527831,42,34
2021,40,Landes,75,NOUVELLE-AQUITAINE,414728,44,7.912156536,-1.533878018,9.446034555,20,32,7.6,11.8,259512,188793,7.212653547,6.641283517,72.8918384,3938,5440,13617,504,0,21,1.555233666,40.36131306,5.321316698,28,7
2021,64,Pyrénées-Atlantiques,75,NOUVELLE-AQUITAINE,685441,89,4.885274248,-1.031039838,5.916314086,21,31,6.6,12.3,409790,320924,11.47280357,8.137531874,51.15870577,5484,5438,36819,920,0,32,2.232563451,7.45538988,5.71845519,33,4
2021,49,Maine-et-Loire,52,PAYS DE LA LOIRE,818345,114,4.273008754,3.518431213,0.754577541,25,26,7.2,11.4,397886,358513,18.53851655,6.810587697,69.67785964,4236,4365,66463,629,60,345,1.987353207,32.34882566,5.354753101,34,16
2021,4,Alpes-de-Haute-Provence,93,PROVENCE ALPES COTE D'AZUR,165232,23,3.173919288,-1.867011346,5.040930633,20,34,9.0,16.8,129062,78089,9.66068865,8.349224392,60.89156796,956,817,7544,243,0,26,3.797125034,11.98303287,5.84341844,28,25
2021,5,Hautes-Alpes,93,PROVENCE ALPES COTE D'AZUR,140349,25,2.466215476,-0.118273211,2.584488687,21,32,7.5,13.9,136581,66428,12.00091136,5.83629262,43.19311131,1155,1177,7972,96,1,5,2.717391304,13.17109885,5.28997498,38,50
2021,13,Bouches-du-Rhône,93,PROVENCE ALPES COTE D'AZUR,2044355,401,3.668171386,4.365071718,-0.696900333,23,26,9.2,18.7,1034043,908790,17.66029013,7.551417364,37.46346439,12880,12914,160495,2520,367,545,2.317529714,5.583974579,5.864655122,39,7
2021,11,Aude,76,OCCITANIE,376059,61,5.496160935,-1.901157751,7.397318686,21,33,10.4,20.7,263889,174294,10.25966087,8.540245321,70.74074445,2256,1754,17882,288,23,31,2.581343666,29.26965664,5.362856013,38,10
2021,12,Aveyron,76,OCCITANIE,279334,31,0.913639566,-3.531005582,4.444645147,20,35,6.0,14.0,182027,130680,6.600812301,10.83432142,73.67337762,1358,1338,8626,107,59,1,4.634537163,16.76327382,4.720750752,42,21
2021,30,Gard,76,OCCITANIE,749136,127,5.556714105,1.392701141,4.164012963,22,30,10.6,19.8,428087,336215,12.41196841,8.410308065,62.60916894,4566,5618,41731,943,231,40,6.026616928,12.28343438,5.669053846,38,6
2021,65,Hautes-Pyrénées,76,OCCITANIE,229205,51,-0.11025983,-3.336122515,3.225862685,19,34,8.8,15.4,162729,109301,11.55422928,9.536909621,60.06639726,1126,927,12629,75,100,44,4.300899428,17.35687703,5.378081359,39,11
2022,1,Ain,84,AUVERGNE-RHONE-ALPES,660875,114,9.45,4.0,5.45,26,24,5.9,10.5,321432,277345,17.0,8.0,63.0,5363,5772,47407,910,36,157,3.85,17.11,5.9,31,33
2022,5,Hautes-Alpes,93,PROVENCE ALPES COTE D'AZUR,141039,25,1.76,-0.81,2.57,21,33,7.8,13.9,137644,67005,12.0,6.0,43.0,1170,1782,7968,0,0,5,2.62,13.13,5.32,39,28
2022,9,Ariège,76,OCCITANIE,153197,31,0.6,-3.96,4.56,20,35,9.8,17.9,110526,72667,5.0,10.0,80.0,587,873,3624,2,0,0,4.06,19.73,5.06,36,0
2022,12,Aveyron,76,OCCITANIE,279997,32,1.52,-4.34,5.86,20,35,5.9,14.0,182769,131225,7.0,11.0,74.0,1265,1376,8622,9,4,14,3.99,16.78,4.76,43,20
2022,14,Calvados,28,NORMANDIE,695207,125,1.45,0.6,0.85,23,29,7.1,11.9,422082,317127,19.0,7.0,60.0,4905,6520,59840,669,142,86,3.09,32.4,5.7,37,17
2022,17,Charente-Maritime,75,NOUVELLE-AQUITAINE,656951,95,5.0,-3.91,8.91,20,36,7.9,12.4,440935,311814,10.0,7.0,77.0,5524,6238,29722,457,220,60,1.58,23.44,5.56,33,3
2022,24,Dordogne,75,NOUVELLE-AQUITAINE,412163,45,-0.72,-5.91,5.19,19,38,7.7,16.1,261104,196500,7.0,10.0,84.0,1935,2912,14360,82,5,15,3.49,40.91,5.25,35,12
2022,29,Finistère,53,BRETAGNE,919983,136,2.24,-1.9,4.14,22,31,6.6,11.0,549039,433090,11.0,7.0,73.0,5178,7858,48430,566,0,94,2.86,25.14,5.44,33,9
2022,2B,Haute-Corse,94,CORSE,185528,40,10.01,-0.77,10.78,20,30,7.3,20.1,133540,81397,11.0,3.0,51.0,2108,2417,9014,239,0,47,1.99,10.47,5.64,34,10
2022,35,Ille-et-Vilaine,53,BRETAGNE,1098420,160,10.23,4.22,6.02,25,24,5.8,10.7,561343,484150,15.0,7.0,60.0,9589,13538,73717,1215,269,89,2.36,15.12,5.55,31,9
2022,37,Indre-et-Loire,24,CENTRE-VAL DE LOIRE,612237,99,3.13,1.43,1.69,23,29,6.8,12.4,328095,283871,18.0,9.0,63.0,3641,4500,51925,308,52,155,2.31,19.21,5.37,39,13
2022,40,Landes,75,NOUVELLE-AQUITAINE,419507,45,8.14,-2.23,10.37,21,33,7.6,11.4,262370,191040,7.0,7.0,73.0,4127,5273,14017,341,0,17,1.25,39.87,5.38,28,6
2022,43,Haute-Loire,84,AUVERGNE-RHONE-ALPES,227229,46,1.03,-2.47,3.51,22,32,6.1,11.9,143916,102943,8.0,12.0,78.0,981,1280,8267,32,0,29,6.7,19.28,5.26,41,25
2022,44,Loire-Atlantique,52,PAYS DE LA LOIRE,1461267,212,12.72,4.43,8.29,25,24,6.5,10.0,764010,641172,14.0,6.0,61.0,12816,12601,92148,1494,162,293,1.64,16.33,5.88,32,3
2022,49,Maine-et-Loire,52,PAYS DE LA LOIRE,822488,114,4.07,3.26,0.8,25,27,7.0,11.1,400508,360982,18.0,7.0,70.0,4315,6547,66385,543,235,341,1.91,32.42,5.41,35,12
2022,50,Manche,28,NORMANDIE,492667,83,-1.37,-2.16,0.78,21,33,5.6,11.4,299656,229482,17.0,8.0,80.0,2028,2596,37866,51,0,7,2.88,40.24,4.75,43,33
2022,54,Meurthe-et-Moselle,44,GRAND EST,732085,139,-0.14,1.41,-1.55,23,26,7.5,14.6,379680,336776,16.0,9.0,53.0,2746,3817,53629,538,16,242,2.31,11.19,5.58,41,19
2022,55,Meuse,44,GRAND EST,180059,29,-6.97,-1.63,-5.34,22,31,7.5,14.2,99834,82941,12.0,12.0,76.0,319,394,10122,0,0,13,7.8,25.22,5.08,44,17
2022,66,Pyrénées-Orientales,76,OCCITANIE,483558,116,6.86,-2.32,9.18,21,34,12.3,20.7,355661,226760,11.0,8.0,56.0,3732,3899,25428,510,23,26,4.1,20.95,5.51,29,1
2022,67,Bas-Rhin,44,GRAND EST,1150899,240,4.7,3.19,1.5,23,26,6.7,13.2,567991,504685,14.0,8.0,46.0,7771,8336,69870,1352,67,58,3.01,4.31,5.98,44,19
2022,69,Rhône,84,AUVERGNE-RHONE-ALPES,1899599,579,8.91,7.98,0.93,25,22,7.1,14.1,937544,838931,21.0,7.0,29.0,13208,11737,179353,3121,574,444,2.07,3.46,6.19,41,15
2022,72,Sarthe,52,PAYS DE LA LOIRE,565314,91,-0.07,0.98,-1.05,24,29,7.7,12.9,293561,252699,16.0,9.0,75.0,1777,1934,39300,209,123,93,1.96,25.02,5.18,39,20
2022,972,Martinique,2,MARTINIQUE,356029,319,-9.24,1.78,-11.02,21,31,12.9,26.7,214788,166994,,16.0,62.0,2679,2838,,76417,,,,,,,
2018,1,Ain,84,AUVERGNE-RHONE-ALPES,643977,112,12.0,5.0,7.0,26,23,6.0,11.0,303196,262786,17.0,8.0,64.0,5233,3758,43380,1316,62,,3.0,17.0,5.6,31,41
2018,6,Alpes-Maritimes,93,PROVENCE ALPES COTE D'AZUR,1081455,252,0.0,1.0,-1.0,21,30,10.0,16.0,757924,506698,10.0,9.0,24.0,6466,8744,51968,959,96,,1.0,2.0,6.5,34,10
2018,25,Doubs,27,BOURGOGNE-FRANCHE-COMTE,539925,103,4.0,5.0,-1.0,25,25,8.0,12.0,275361,240219,16.0,8.0,51.0,3082,3123,37477,325,224,,3.0,8.0,5.5,40,31
2018,48,Lozère,76,OCCITANIE,75810,15,-1.0,-3.0,2.0,21,31,6.0,15.0,60110,34657,8.0,10.0,78.0,471,328,2815,10,5,,6.0,15.0,5.1,37,40
2018,75,Paris,11,ILE-DE-FRANCE,2181866,20780,-1.0,7.0,-8.0,20,22,7.0,16.0,1366438,1142877,20.0,8.0,1.0,4211,4102,225627,2917,467,,2.0,0.0,8.1,55,16
2019,9,Ariège,76,OCCITANIE,152611,31,1.0,-2.0,4.0,20,33,11.0,18.0,108589,71209,5.0,9.0,79.0,667,549,3652,53,0,,6.0,19.0,4.9,35,0
2019,23,Creuse,75,NOUVELLE-AQUITAINE,118064,21,-4.0,-8.0,3.0,17,38,8.0,18.0,88330,57681,9.0,14.0,86.0,372,197,5458,8,20,,8.0,30.0,4.5,43,30
2020,21,Côte-d'Or,27,BOURGOGNE-FRANCHE-COMTE,533307,61,1.7,1.9,-0.1,23,27,6.4,11.3,287831,247908,14.5,8.4,54.5,2996,3527,36034,365,170,35,2.1,8.9,5.5,35,20
2020,75,Paris,11,ILE-DE-FRANCE,2160928,20580,-3.3,6.8,-10.1,19,22,6.2,15.2,1382779,1141623,20.3,8.5,0.8,4489,4103,231472,2407,108,0,1.6,0.1,8.0,55,15
2018,2,Aisne,32,HAUTS-DE-FRANCE,535807,73,0.0,2.0,-3.0,25,26,13.0,19.0,263182,229929,18.0,9.0,76.0,1664,1330,40499,516,0,,4.0,25.0,5.2,38,38
2018,41,Loir-et-Cher,24,CENTRE-VAL DE LOIRE,333018,53,2.0,0.0,2.0,23,31,8.0,13.0,181820,148749,33.0,10.0,80.0,1463,1162,49744,484,162,,3.0,25.0,5.7,35,22
2018,52,Haute-Marne,44,GRAND EST,176614,28,-6.0,-1.0,-5.0,22,31,8.0,16.0,100622,81836,20.0,11.0,75.0,464,257,16286,63,95,,8.0,18.0,4.9,44,25
2018,92,Hauts-de-Seine,11,ILE-DE-FRANCE,1609575,9145,4.0,10.0,-6.0,25,20,7.0,12.0,783266,706008,28.0,7.0,12.0,8493,13988,198411,1378,230,,2.0,1.0,7.0,44,23
2019,4,Alpes-de-Haute-Provence,93,PROVENCE ALPES COTE D'AZUR,162277,23,2.0,-1.0,3.0,21,33,10.0,16.0,126760,76342,9.0,8.0,61.0,1011,951,7303,144,0,,2.0,11.0,5.8,28,26
2019,11,Aude,76,OCCITANIE,368323,59,5.0,-1.0,6.0,21,33,12.0,21.0,258453,169678,10.0,8.0,71.0,2523,1937,17365,483,30,,2.0,29.0,5.3,38,13
2019,35,Ille-et-Vilaine,53,BRETAGNE,1068556,157,10.0,4.0,5.0,25,23,6.0,10.0,538258,464292,15.0,6.0,60.0,8641,10261,69709,1280,86,,2.0,15.0,5.6,32,12
2019,70,Haute-Saône,27,BOURGOGNE-FRANCHE-COMTE,234750,43,-1.0,0.0,-2.0,23,29,7.0,14.0,126631,105454,10.0,10.0,76.0,834,828,11130,49,41,,4.0,24.0,4.8,40,12
2019,83,Var,93,PROVENCE ALPES COTE D'AZUR,1069646,179,6.0,0.0,6.0,20,32,9.0,15.0,707520,481723,10.0,6.0,47.0,8506,11321,48564,1878,222,,2.0,6.0,5.7,33,7
2019,92,Hauts-de-Seine,11,ILE-DE-FRANCE,1605502,9122,3.0,9.0,-5.0,24,19,6.0,12.0,789809,709070,28.0,6.0,11.0,9198,14019,200023,1648,225,,1.0,1.0,7.1,45,18
2020,2B,Haute-Corse,94,CORSE,180794,39,12.3,-0.2,12.5,20,29,8.6,20.6,130820,79689,10.3,3.7,50.8,2341,3203,8209,36,0,8,1.5,9.9,5.4,34,15
2020,68,Haut-Rhin,44,GRAND EST,763774,217,2.0,3.0,-1.0,23,26,7.8,12.9,376960,331111,15.1,9.0,51.9,3679,4675,49961,293,136,67,3.7,6.7,5.5,45,25
2020,72,Sarthe,52,PAYS DE LA LOIRE,562220,91,0.2,1.8,-1.6,24,28,8.1,13.0,291039,250786,15.5,9.1,75.2,1974,2093,38875,309,2,73,2.2,25.1,5.1,38,21
2018,45,Loiret,24,CENTRE-VAL DE LOIRE,679001,100,5.0,4.0,1.0,25,25,8.0,13.0,338360,291944,7.0,9.0,68.0,3693,3402,21137,135,10,,7.0,30.0,4.8,36,27
2018,86,Vienne,75,NOUVELLE-AQUITAINE,437198,63,4.0,2.0,2.0,24,28,7.0,14.0,235912,200151,12.0,10.0,74.0,2207,1515,24955,126,120,,4.0,30.0,5.3,38,24
2018,95,Val-d'Oise,11,ILE-DE-FRANCE,1233843,990,6.0,11.0,-4.0,29,18,9.0,17.0,491585,458516,26.0,6.0,45.0,6884,9483,118489,1622,142,,2.0,7.0,6.5,39,23
2019,5,Hautes-Alpes,93,PROVENCE ALPES COTE D'AZUR,141602,25,5.0,0.0,4.0,21,31,8.0,14.0,134647,65305,12.0,6.0,43.0,1162,1632,7866,26,17,,3.0,13.0,5.2,38,54
2019,80,Somme,32,HAUTS-DE-FRANCE,570942,92,0.0,1.0,-1.0,24,25,10.0,17.0,297094,248358,16.0,8.0,73.0,2723,3317,40441,791,3,,2.0,25.0,5.5,39,30
2020,4,Alpes-de-Haute-Provence,93,PROVENCE ALPES COTE D'AZUR,164843,24,3.4,-1.6,5.0,21,33,9.8,16.6,127940,77250,9.4,8.3,60.9,971,911,7244,43,0,17,3.0,10.8,5.7,28,25
2020,16,Charente,75,NOUVELLE-AQUITAINE,349643,59,-0.5,-1.9,1.3,20,32,7.9,14.9,197059,163566,9.7,10.8,82.9,1447,1249,15856,93,15,40,3.1,20.5,5.1,40,14
2020,94,Val-de-Marne,11,ILE-DE-FRANCE,1400072,5715,6.2,9.6,-3.4,25,20,7.2,16.3,633207,586755,30.0,5.6,21.8,8831,10298,175967,2167,98,181,2.0,1.5,6.8,41,16
2018,19,Corrèze,75,NOUVELLE-AQUITAINE,241871,41,0.0,-4.0,4.0,20,34,7.0,13.0,152852,112662,8.0,11.0,78.0,1139,690,9323,100,19,,7.0,34.0,5.0,32,42
2018,55,Meuse,44,GRAND EST,188467,30,-3.0,1.0,-3.0,23,29,8.0,16.0,99354,83959,12.0,11.0,76.0,542,267,10425,39,32,,11.0,25.0,4.9,41,63
2019,12,Aveyron,76,OCCITANIE,278217,31,0.0,-3.0,3.0,20,34,6.0,14.0,179901,128799,6.0,11.0,73.0,1420,1417,8432,145,21,,4.0,16.0,4.6,42,22
2019,47,Lot-et-Garonne,75,NOUVELLE-AQUITAINE,331156,61,1.0,-1.0,2.0,21,32,8.0,16.0,184194,151909,6.0,11.0,79.0,1392,1162,10337,168,1,,3.0,31.0,5.2,34,11
2018,36,Indre,24,CENTRE-VAL DE LOIRE,220530,32,-5.0,-4.0,-2.0,20,35,9.0,15.0,137780,105618,17.0,13.0,83.0,689,382,17948,69,7,,6.0,36.0,5.2,35,28
2019,55,Meuse,44,GRAND EST,186083,29,-4.0,0.0,-4.0,22,29,8.0,15.0,99550,83740,12.0,11.0,76.0,457,258,10399,17,0,,11.0,25.0,4.9,42,62
2019,68,Haut-Rhin,44,GRAND EST,762314,216,2.0,3.0,-1.0,23,25,8.0,13.0,373686,328854,15.0,8.0,52.0,3612,4538,50015,366,152,,3.0,6.0,5.6,44,26
2019,87,Haute-Vienne,75,NOUVELLE-AQUITAINE,372917,67,0.0,0.0,0.0,21,31,8.0,15.0,219170,180745,14.0,9.0,66.0,1458,1369,25722,175,321,,5.0,12.0,5.0,44,18
2018,53,Mayenne,52,PAYS DE LA LOIRE,307014,59,2.0,3.0,-1.0,26,28,6.0,12.0,154756,132906,12.0,9.0,80.0,1310,1384,15659,205,46,,4.0,32.0,4.7,36,12
2019,91,Essonne,11,ILE-DE-FRANCE,1305773,723,8.0,9.0,0.0,27,19,6.0,12.0,550895,508206,22.0,6.0,46.0,8958,10556,116508,1490,2,,2.0,4.0,6.5,37,24
2018,62,Pas-de-Calais,32,HAUTS-DE-FRANCE,1474943,221,1.0,3.0,-2.0,26,24,11.0,20.0,703500,607495,26.0,7.0,77.0,6685,6000,159916,1523,805,,3.0,57.0,5.5,49,27
2018,70,Haute-Saône,27,BOURGOGNE-FRANCHE-COMTE,235611,44,-1.0,1.0,-2.0,23,29,8.0,14.0,125664,104972,11.0,10.0,77.0,907,759,11128,92,2,,4.0,25.0,4.9,40,12
2020,15,Cantal,84,AUVERGNE-RHONE-ALPES,143592,25,-3.2,-5.5,2.2,18,36,4.8,13.2,101363,68632,9.0,11.9,75.8,578,417,6194,62,12,3,4.2,23.0,5.0,31,33
2018,74,Haute-Savoie,84,AUVERGNE-RHONE-ALPES,818109,186,16.0,7.0,9.0,25,22,6.0,9.0,492485,345695,13.0,6.0,41.0,9661,12722,44217,1426,0,,1.0,3.0,6.1,29,27
2020,27,Eure,28,NORMANDIE,601388,100,3.2,3.4,-0.3,25,25,8.1,12.5,295109,252388,16.9,8.0,77.2,2842,2052,42534,254,3,93,3.1,28.2,5.5,34,21
2018,971,Guadeloupe,1,GUADELOUPE,393640,242,-2.0,5.0,-7.0,26,24,24.0,,223722,171674,21.0,15.0,75.0,3678,3292,35546,883,16,,5.0,22.0,6.1,20,
2020,44,Loire-Atlantique,52,PAYS DE LA LOIRE,1423365,209,12.4,4.7,7.7,25,23,6.6,10.1,740924,620688,14.3,5.7,61.4,13081,13046,88503,2310,32,348,2.3,16.5,5.8,32,4
2019,27,Eure,28,NORMANDIE,605612,100,4.0,3.0,1.0,25,25,8.0,13.0,292969,250957,16.0,7.0,77.0,2883,2778,42253,487,86,,3.0,28.0,5.5,34,21
2020,91,Essonne,11,ILE-DE-FRANCE,1311863,727,8.6,9.1,-0.5,27,20,6.5,12.7,558684,514470,23.7,6.3,46.5,9511,12130,121777,3079,230,145,2.4,4.5,6.4,36,20
2019,79,Deux-Sèvres,75,NOUVELLE-AQUITAINE,375093,62,2.0,0.0,2.0,23,29,6.0,12.0,192620,166059,9.0,8.0,85.0,1619,1358,15665,87,22,,3.0,49.0,5.0,36,33
2020,66,Pyrénées-Orientales,76,OCCITANIE,477522,116,7.1,-1.3,8.4,21,33,13.2,20.5,349914,221977,10.9,8.2,56.0,3924,4076,24211,1098,188,27,4.2,21.3,5.4,30,1
2020,92,Hauts-de-Seine,11,ILE-DE-FRANCE,1612763,9163,3.3,9.3,-6.0,24,20,6.2,11.8,796181,715018,28.2,6.7,11.4,10157,16840,201344,1702,71,503,2.1,1.0,7.0,44,18
2021,1,Ain,84,AUVERGNE-RHONE-ALPES,657907,114,10.13926719,4.072715585,6.066551601,25,24,6.0,10.3,317983,274538,16.99179575,8.133067542,63.28818502,5552,4697,46649,1178,108,142,3.442823739,17.14291839,5.811308902,30,36
2021,3,Allier,84,AUVERGNE-RHONE-ALPES,333847,45,-2.642399711,-3.73044665,1.08804694,20,35,8.4,15.5,208375,162853,12.53946948,14.62894722,71.84499548,943,860,20421,232,147,10,7.371794872,25.05753881,5.161882954,38,25
2021,7,Ardèche,84,AUVERGNE-RHONE-ALPES,327740,59,4.014725951,-1.302802374,5.317528325,21,32,8.4,14.4,204906,148173,9.220931224,9.734526097,74.68491632,2004,1951,13663,202,85,29,4.878778809,20.34692235,5.232601974,35,31
2021,26,Drôme,84,AUVERGNE-RHONE-ALPES,520531,79,7.389084307,2.529733967,4.85935034,24,28,8.5,14.8,275726,229776,12.52170787,8.630781086,63.80635226,3345,3229,28772,503,133,84,2.261571465,17.31196997,5.476515463,34,11
2021,43,Haute-Loire,84,AUVERGNE-RHONE-ALPES,227878,45,1.728525129,-1.684776301,3.413301429,22,32,6.1,12.1,143699,102719,8.046192773,12.40039062,77.58852971,982,779,8265,28,1,34,7.051695243,19.2861464,5.228435181,39,30
2021,63,Puy-de-Dôme,84,AUVERGNE-RHONE-ALPES,666274,83,5.371249274,0.722903761,4.648345514,22,28,6.8,13.2,389711,309808,13.90343077,10.35923367,63.15525078,3760,4953,43074,495,14,140,2.93766776,14.1036356,5.350434008,37,15
2021,69,Rhône,84,AUVERGNE-RHONE-ALPES,1882578,579,9.123759475,7.824762329,1.298997146,25,22,7.3,14.2,926575,829300,21.17773255,7.337240478,28.59193042,13653,11750,175627,2955,903,481,1.71848516,3.36280868,6.116837669,40,23
2021,39,Jura,27,BOURGOGNE-FRANCHE-COMTE,258766,51,-1.058370996,-0.409124626,-0.649246369,22,31,5.4,11.8,150169,119876,11.78791835,9.854960252,65.02684786,950,932,14131,40,0,19,5.711279778,13.5305357,4.768201958,45,33
2021,36,Indre,24,CENTRE-VAL DE LOIRE,218129,32,-5.643751947,-4.672197806,-0.971554141,19,36,7.5,14.5,138879,105675,16.58857541,13.3314328,82.90344601,521,444,17530,87,1,64,3.611449452,35.99543639,5.251481022,36,26
2021,45,Loiret,24,CENTRE-VAL DE LOIRE,682187,100,3.975278347,3.54104907,0.434229277,25,26,7.2,13.2,347107,298950,17.13193527,9.15307836,68.06182482,3566,3652,51216,502,98,148,2.828433197,24.5528741,5.775370943,35,19
2021,2,Aisne,32,HAUTS-DE-FRANCE,528471,71,-2.226979064,1.227548898,-3.454527963,24,27,11.0,18.4,266640,231215,17.57454758,9.75515112,75.65524574,1431,1205,40635,127,38,142,4.954921206,24.31155408,5.278232336,39,37
2021,75,Paris,11,ILE-DE-FRANCE,2154092,20515,-3.99945094,6.60681967,-10.60627061,18,22,6.8,15.2,1386846,1140771,20.42468269,8.484438598,0.812070112,4180,3290,232999,1585,68,1,1.587338082,0.086695651,7.99201312,56,15
2021,91,Essonne,11,ILE-DE-FRANCE,1309566,725,7.753056758,9.022660326,-1.269603568,27,20,7.0,13.1,564587,518768,24.06123665,6.478593138,46.16007735,9513,8002,124822,2912,0,415,2.426067567,4.1386935,6.340427354,36,18
2021,94,Val-de-Marne,11,ILE-DE-FRANCE,1411786,5762,6.33064504,9.418617613,-3.087972573,25,20,7.8,16.6,640016,592118,30.04502192,5.659671361,21.49987342,9402,11024,177902,1801,89,107,2.269933869,1.41313757,6.781894928,41,15
2021,14,Calvados,28,NORMANDIE,693310,124,1.49391382,1.152092284,0.341821535,23,28,7.2,12.4,419713,315751,18.82335425,6.814230658,60.21996836,4859,4977,59435,570,92,97,2.664532695,29.48431059,5.595251232,36,19
2021,27,Eure,28,NORMANDIE,596993,98,1.781625559,3.05348457,-1.271859011,25,26,8.0,12.5,297286,253986,16.71507012,8.278638988,77.28026766,2694,2087,42454,243,61,122,2.619303016,27.70999199,5.595725451,35,20
2021,17,Charente-Maritime,75,NOUVELLE-AQUITAINE,650757,94,4.569009984,-2.959556372,7.528566355,20,35,8.0,12.8,436869,308933,9.560634655,7.14797207,77.3834097,5652,7173,29536,614,13,63,1.782682513,23.53399242,5.480524987,33,7
2021,84,Vaucluse,93,PROVENCE ALPES COTE D'AZUR,560425,157,3.189070253,2.838493477,0.350576776,23,29,10.1,20.0,305436,249368,14.17459003,10.09375927,64.14501507,3549,3765,35347,505,9,71,2.272931722,15.70713215,5.728104204,38,17
2021,9,Ariège,76,OCCITANIE,153113,31,0.707060077,-3.136715821,3.843775898,20,34,9.9,18.0,110222,72404,4.998280385,9.709192488,79.65357969,616,632,3619,48,0,1,4.153354633,19.72920696,5.005076227,35,
2021,34,Hérault,76,OCCITANIE,1184031,194,13.35234616,2.591909688,10.76043647,22,27,11.0,19.7,729652,543017,12.05375824,7.315635832,48.14744159,11905,12231,65454,2013,32,61,1.313591619,11.36217802,5.85149325,26,7
2021,82,Tarn-et-Garonne,76,OCCITANIE,261307,70,8.113017071,0.975597647,7.137419424,24,29,9.2,17.0,132602,111851,7.763833999,9.884889238,78.51299987,1383,1436,8684,246,0,4,2.735849057,38.24274528,5.458915952,31,20
2021,971,Guadeloupe,1,GUADELOUPE,379707,233,-5.862825551,4.333155657,-10.19598121,24,27,19.4,,229421,172818,21.53016027,15.24314298,74.66546504,3437,2956,37208,140,0,1593,5.647618771,5.748763707,6.146949118,20,
2021,973,Guyane,3,GUYANE,288086,3,25.77977646,26.98262312,-1.202846664,41,9,17.8,,91566,80060,23.63217039,9.985090285,60.56991175,2021,2600,18920,941,11,29,6.510416667,25.49154334,6.283003693,19,
2021,974,La Réunion,4,LA REUNION,856858,342,4.350314686,11.40821983,-7.057905146,29,18,17.4,38.9,376047,332399,23.22986834,8.706585291,66.05278327,7394,6563,77216,1638,15,116,1.435520228,13.76787194,6.072919022,19,
2022,4,Alpes-de-Haute-Provence,93,PROVENCE ALPES COTE D'AZUR,165171,24,2.62,-2.72,5.33,21,35,9.1,16.6,129690,78495,10.0,8.0,61.0,859,1170,7540,16,0,14,3.38,26.91,5.87,29,24
2022,8,Ardennes,44,GRAND EST,267127,51,-5.65,-0.65,-5.0,23,30,9.5,18.3,142983,121244,20.0,12.0,71.0,653,736,24336,119,4,37,4.37,23.8,5.05,41,17
2022,10,Aube,44,GRAND EST,310804,52,2.24,0.48,1.76,24,28,10.0,16.2,166101,142246,22.0,10.0,66.0,1290,1314,32002,184,198,156,2.94,23.99,5.42,39,24
2022,11,Aude,76,OCCITANIE,378068,61,5.03,-2.7,7.73,21,34,10.5,20.0,265167,175600,10.0,8.0,71.0,2143,2674,18191,331,0,25,2.74,29.6,5.47,38,9
2022,19,Corrèze,75,NOUVELLE-AQUITAINE,239019,41,-1.42,-5.37,3.95,20,36,6.4,13.1,155041,114337,9.0,11.0,78.0,813,968,9754,56,101,26,3.38,34.67,4.82,33,31
2022,23,Creuse,75,NOUVELLE-AQUITAINE,114609,21,-6.49,-9.86,3.37,18,40,7.1,18.3,88646,57111,10.0,16.0,86.0,240,249,5469,0,0,15,10.48,29.79,4.59,45,25
2022,25,Doubs,27,BOURGOGNE-FRANCHE-COMTE,546224,104,3.24,3.52,-0.28,24,26,7.3,12.2,283778,247404,15.0,9.0,51.0,2871,3015,37336,133,126,164,3.19,7.8,5.62,41,11
2022,28,Eure-et-Loir,24,CENTRE-VAL DE LOIRE,429083,73,-0.31,2.35,-2.66,25,28,7.0,11.8,217440,185213,18.0,9.0,74.0,1818,2643,32487,323,60,82,3.96,22.89,5.19,39,23
2022,31,Haute-Garonne,76,OCCITANIE,1434439,223,13.82,5.86,7.96,24,22,8.0,13.3,740546,654629,14.0,7.0,49.0,14941,13084,94394,3243,87,444,1.74,15.24,6.34,26,6
2022,32,Gers,76,OCCITANIE,191910,31,1.6,-5.01,6.61,20,36,6.1,15.0,111536,89063,7.0,11.0,81.0,819,905,5889,137,0,11,3.55,39.09,5.08,33,7
2022,56,Morbihan,53,BRETAGNE,767088,111,5.5,-1.7,7.2,22,33,6.5,11.5,472749,353880,11.0,7.0,74.0,5548,7783,37928,410,20,82,2.78,20.46,5.39,31,16
2022,57,Moselle,44,GRAND EST,1045213,167,0.01,0.76,-0.76,22,28,7.8,15.3,523268,463372,17.0,9.0,55.0,5326,6960,78499,664,68,279,4.17,12.3,5.53,47,16
2022,62,Pas-de-Calais,32,HAUTS-DE-FRANCE,1460003,219,-0.19,1.84,-2.03,25,26,9.0,17.8,720800,619227,26.0,8.0,77.0,6173,8995,161622,1025,209,532,1.53,56.58,5.63,50,15
2022,65,Hautes-Pyrénées,76,OCCITANIE,230579,51,0.59,-4.25,4.84,20,35,8.8,15.5,163634,109681,12.0,10.0,60.0,1054,1462,12617,23,3,31,4.53,17.42,5.43,39,6
2022,74,Haute-Savoie,84,AUVERGNE-RHONE-ALPES,841639,190,12.67,6.28,6.39,25,23,6.5,9.4,525404,366281,14.0,6.0,40.0,10755,10038,50419,1303,2,63,1.6,2.48,6.33,28,14
2022,75,Paris,11,ILE-DE-FRANCE,2147716,20515,-4.54,6.75,-11.3,19,23,6.4,15.4,1389375,1137759,21.0,9.0,1.0,3963,2503,236748,2142,8,0,2.15,0.07,8.2,57,13
2022,87,Haute-Vienne,75,NOUVELLE-AQUITAINE,370651,67,-1.44,-1.77,0.33,21,32,7.0,15.3,221194,182385,14.0,10.0,66.0,1363,1550,26244,156,235,35,4.09,13.41,5.16,45,4
2022,90,Territoire de Belfort,27,BOURGOGNE-FRANCHE-COMTE,138931,230,-3.08,1.92,-5.0,24,27,9.0,14.8,73180,64621,22.0,10.0,47.0,496,597,14223,21,0,59,5.41,8.36,5.15,44,18
2022,94,Val-de-Marne,11,ILE-DE-FRANCE,1425072,5762,6.85,9.81,-2.96,26,21,7.7,16.6,647289,598392,30.0,6.0,21.0,9276,8314,179474,2157,171,368,2.49,1.52,6.94,42,12
2022,95,Val-d'Oise,11,ILE-DE-FRANCE,1267124,1006,7.35,11.23,-3.88,29,20,8.8,17.0,517063,478885,27.0,6.0,44.0,7723,6520,127457,1411,2,183,2.77,6.59,6.58,39,14
